name,SMARTS
1 - Alkane group,"[$([CX4H3!$([CX4H3]-[cRH0!$([cRH0]1[sX2][cH1][cH1][cH1]1)!$([cH0]1[cH1][sX2][cH1][cH1]1)!$([cH0]1[sX2][cH1][cH1][cH0]1)!$([cH0]1[cH0][sX2][cH1][cH1]1)!$([cH0]1[sX2][cH1][cH0][cH1]1)!$([cH0]1[cH1][cH0][sX2][cH1]1)!$([cH0]1[cH1][sX2][cH1][cH0]1)!$([cRH0]1[sX2][cH0][cH1][cH1]1)!$([cRH0]1[nX2][cH1][cH1][cH1][cH1]1)!$([cRH0]1[cH1][nX2][cH1][cH1][cH1]1)!$([cRH0]1[cH1][cH1][nX2][cH1][cH1]1)!$([cRH0]1[nX2][cH1][cH1][cH1][cH0]1)!$([cRH0]1[cH0][nX2][cH1][cH1][cH1]1)!$([cRH0]1[cH1][nX2][cH1][cH1][cH0]1)!$([cRH0]1[cH0][cH1][nX2][cH1][cH1]1)!$([cRH0]1[nX2][cH1][cH0][cH1][cH1]1)!$([cRH0]1[cH1][cH1][cH0][nX2][cH1]1)!$([cRH0]1[cH1][nX2][cH1][cH0][cH1]1)!$([cRH0]1[nX2][cH0][cH1][cH1][cH1]1)!$([cRH0]1[nX2][cH1][cH1][cH0][cH1]1)!$([cRH0]1[cH1][cH0][nX2][cH1][cH1]1)])!$([CX4H3][OX2H1])!$([CX4H3][CX3](=[OX1])[#6!$([CX4H3])])!$([CX4H3][CX3](=[OX1])[OX2][#6])!$([CX4H3][OX2!$([OX2!R][CX4H2][CX4H2][OX2H1])!$([OX2!R][CX4H1][CX4H2][OX2H1])!$([OX2!R][CX4H2][CX4H1][OX2H1])][#6!$([CX3]=[OX1])])!$([CX4H3][NX3H2])!$([CX4H3][NX3H1][#6!$([CX4H3])])!$([CX4H3][NX3]([#6!$([CX4H3])])[#6])!$([CX4H3][CX2]#[NX1])!$([CX4H3][$([NX3+](=[OX1])([O-])),$([NX3](=O)=O)])!$([CX4H3][SX2H1])!$([CX4H3][Sv4X3](=[OX1])[CX4H3])!$([CX3H1](=[OX1])[NX3]([CX4H3])[CX4H3])!$([CX4H3][NX3]([CX4H3])[CX3H1]=[OX1])!$([CX4H3][NX3]1[CX3](=[OX1])[CX4H2][CX4H2][CX4H2]1)!$([CX4H3][NX3H1][CX3]=[OX1])!$([CX4H3][NX3]([CX4H3])[CX3]=[OX1])!$([CX4H3][NX3]([CX4H2])[CX3]=[OX1])!$([CX4H3][SX2H0])!$([CX4H3][OX2!$([OX2][CX3]=[OX1])!$([OX2][N,S,P,O,Cl,F,Br,I])])]),$([CX4H2!$([CX4H2]1[CX4H2][NX3H1][CX4H2][CX4H2][OX2]1)!$([CX4H2]1[NX3H1][CX4H2][CX4H2][OX2][CX4H2]1)!$([CX4H2][CX3H0](=[OX1])[#6!$([CX4H3])])!$([CX4H2][CX3](=[OX1])[OX2][#6])!$([CX4H2][CX2]#[NX1])!$([CX4H2][NX3]([CX4H2])[CX3H1]=[OX1])!$([CX4H2][NX3H1][CX3]=[OX1])!$([CX4H2][NX3]([CX4H3])[CX3]=[OX1])!$([CX4H2][NX3]([CX4H2])[CX3]=[OX1])!$([CX4H2]([OX2H1])[CX4H2][OX2H0!R!$([OX2][CX3]=[OX1])])!$([CX4H2]([OX2H0!R!$([OX2][CX3]=[OX1])])[CX4H2][OX2H1])!$([CX4H2]([OX2H0!R!$([OX2][CX3]=[OX1])])[CX4H1][OX2H1])!$([CX4H2]([OX2H1])[CX4H1][OX2H0!R!$([OX2][CX3]=[OX1])])!$([CX4H2]([OX2H1])[CX4H2][OX2H1!$([OX2][CX3]=[OX1])])!$([CX4H2][OX2!$([OX2][CX3]=[OX1])!$([OX2]([CX4H2])[CX4H2])][#6!$([CX4H3])])!$([CX4H2R][OX2R!$([OX2R]([CX4H2])[CX4H2])][R!$([CX3R]=[OX1])])!$([CX4H2][NX3H2])!$([CX4H2][NX3H1!$([NX3H1][CX4H3])!$([NX3H1]([CX4H2])[CX4H2])][#6])!$([CX4H2][NX3!$([NX3][CX4H3])!$([NX3]([CX4H2])[CX4H2])]([#6])[#6])!$([CX4H2]([ClX1])[ClX1])!$([CX4H2][$([NX3+](=[OX1])([O-])),$([NX3](=O)=O)])!$([CX4H2][SX2H1])!$([CX4H2]1[NX3]([CX4H3])[CX3](=[OX1])[CX4H2][CX4H2]1)!$([CX4H2]1[CX4H2][NX3]([CX4H3])[CX3](=[OX1])[CX4H2]1)!$([CX4H2]1[CX4H2][CX4H2][NX3]([CX4H3])[CX3]1(=[OX1]))!$([CX4H2][SX2H0!$([SX2H0][CX4H3])!$([SX2H0]([CX4H2])[CX4H2])])!$([CX4H2][Sv6X4](=[OX1])(=[OX1])[CX4H2])!$([CX4H2][Sv6X4](=[OX1])(=[OX1])[CX4H1])!$([CX4H2]1[OX2][CX4H2]1)!$([CX4H2]1[OX2][CX4H1]1)!$([CX4H2]1[OX2][CX4H0]1)!$([CX4H2]([!Cl])[Cl])!$([CX4H2]-[cRH0!$([cRH0]1[sX2][cH1][cH1][cH1]1)!$([cH0]1[cH1][sX2][cH1][cH1]1)!$([cH0]1[sX2][cH1][cH1][cH0]1)!$([cH0]1[cH0][sX2][cH1][cH1]1)!$([cH0]1[sX2][cH1][cH0][cH1]1)!$([cH0]1[cH1][cH0][sX2][cH1]1)!$([cH0]1[cH1][sX2][cH1][cH0]1)!$([cRH0]1[sX2][cH0][cH1][cH1]1)!$([cRH0]1[nX2][cH1][cH1][cH1][cH1]1)!$([cRH0]1[cH1][nX2][cH1][cH1][cH1]1)!$([cRH0]1[cH1][cH1][nX2][cH1][cH1]1)!$([cRH0]1[nX2][cH1][cH1][cH1][cH0]1)!$([cRH0]1[cH0][nX2][cH1][cH1][cH1]1)!$([cRH0]1[cH1][nX2][cH1][cH1][cH0]1)!$([cRH0]1[cH0][cH1][nX2][cH1][cH1]1)!$([cRH0]1[nX2][cH1][cH0][cH1][cH1]1)!$([cRH0]1[cH1][cH1][cH0][nX2][cH1]1)!$([cRH0]1[cH1][nX2][cH1][cH0][cH1]1)!$([cRH0]1[nX2][cH0][cH1][cH1][cH1]1)!$([cRH0]1[nX2][cH1][cH1][cH0][cH1]1)!$([cRH0]1[cH1][cH0][nX2][cH1][cH1]1)])]),$([CX4H1!$([CX4H1]-[cRH0!$([cRH0]1[sX2][cH1][cH1][cH1]1)!$([cH0]1[cH1][sX2][cH1][cH1]1)!$([cH0]1[sX2][cH1][cH1][cH0]1)!$([cH0]1[cH0][sX2][cH1][cH1]1)!$([cH0]1[sX2][cH1][cH0][cH1]1)!$([cH0]1[cH1][cH0][sX2][cH1]1)!$([cH0]1[cH1][sX2][cH1][cH0]1)!$([cRH0]1[sX2][cH0][cH1][cH1]1)!$([cRH0]1[nX2][cH1][cH1][cH1][cH1]1)!$([cRH0]1[cH1][nX2][cH1][cH1][cH1]1)!$([cRH0]1[cH1][cH1][nX2][cH1][cH1]1)!$([cRH0]1[nX2][cH1][cH1][cH1][cH0]1)!$([cRH0]1[cH0][nX2][cH1][cH1][cH1]1)!$([cRH0]1[cH1][nX2][cH1][cH1][cH0]1)!$([cRH0]1[cH0][cH1][nX2][cH1][cH1]1)!$([cRH0]1[nX2][cH1][cH0][cH1][cH1]1)!$([cRH0]1[cH1][cH1][cH0][nX2][cH1]1)!$([cRH0]1[cH1][nX2][cH1][cH0][cH1]1)!$([cRH0]1[nX2][cH0][cH1][cH1][cH1]1)!$([cRH0]1[nX2][cH1][cH1][cH0][cH1]1)!$([cRH0]1[cH1][cH0][nX2][cH1][cH1]1)])!$([CX4H1][OX2!$([OX2][CX3]=[OX1])!$([OX2]([CX4H1])[CX4H1])!$([OX2]([CX4H1])[CX4H3])!$([OX2]([CX4H1])[CX4H2])][#6])!$([CX4H1]([OX2H0!R!$([OX2][CX3]=[OX1])])[CX4H2][OX2H1])!$([CX4H1]([OX2H1])[CX4H2][OX2H0!R!$([OX2][CX3]=[OX1])])!$([CX4H1][NX3H2])!$([CX4H1][NX3H1!$([NX3H1][CX4H3])!$([NX3H1][CX4H2])][#6])!$([CX4H1]([!Cl])([!Cl])[Cl])!$([CX4H1]([!Cl])([Cl])[Cl])!$([CX4H1]([Cl])([Cl])[Cl])!$([CX4H1][$([NX3+](=[OX1])([O-])),$([NX3](=O)=O)])!$([CX4H1]([Cl])([Cl])[F])!$([CX4H1]([Cl])([F])[!F!Cl])!$([CX4H1]([Cl])([F])[F])!$([CX4H1][SX2H0!$([SX2H0][CX4H3])!$([SX2H0][CX4H2])])!$([CX4H1][Sv6X4](=[OX1])(=[OX1])[CX4H2])!$([CX4H1]1[OX2][CX4H2]1)!$([CX4H1]1[OX2][CX4H1]1)!$([CX4H1]1[OX2][CX4H0]1)]),$([CX4H0!$([CX4H0]([!Cl!F])([!Cl!F])([!Cl!F])[Cl])!$([CX4H0]([Cl])([Cl])([!Cl!F])[!Cl!F])!$([CX4H0]([!Cl!F])([Cl])([Cl])[Cl])!$([CX4]([Cl])([Cl])([Cl])[Cl])!$([CX4H0](F)(F)(F)[!Cl!F])!$([CX4H0](F)(F)([!F!Cl])([!F!Cl]))!$([CX4H0](F)([!F!Cl])([!F!Cl])([!F!Cl]))!$([CX4]([Cl])([Cl])([Cl])[F])!$([CX4H0]([Cl])([Cl])([F])[!Cl!F])!$([CX4H0](Cl)(F)(F)[!Cl!F])!$([CX4](Cl)(F)(F)F)!$([CX4H0]1[OX2][CX4H2]1)!$([CX4H0]1[OX2][CX4H1]1)!$([CX4H0]1[OX2][CX4H0]1)])]"
2 - Olefin group,"[$([CX3H2]=[CX3H1]),$([CX3H1]=[CX3H1]),$([CX3H2]=[CX3H0]),$([CX3H1]=[CX3H0]),$([CX3H0]=[CX3H0])]"
3 - Aromatic carbon,"[$([cH1R!$([cH1]1[nX2][cH1][cH1][cH1][cH1]1)!$([cH1]1[cH1][nX2][cH1][cH1][cH1]1)!$([cH1]1[cH1][cH1][nX2][cH1][cH1]1)!$([cH1]1[sX2][cH1][cH1][cH1]1)!$([cH1]1[cH1][sX2][cH1][cH1]1)!$([cH1]1[sX2][cH0][cH1][cH1]1)!$([cH1]1[cH1][sX2][cH0][cH1]1)!$([cH1]1[cH1][cH1][sX2][cH0]1)!$([cH1]1[sX2][cH1][cH0][cH1]1)!$([cH1]1[cH1][sX2][cH1][cH0]1)!$([cH1]1[cH0][cH1][cH1][sX2]1)!$([cH1]1[sX2][cH0][cH0][cH1]1)!$([cH1]1[cH1][sX2][cH0][cH0]1)!$([cH1]1[sX2][cH0][cH1][cH0]1)!$([cH1]1[cH0][cH1][sX2][cH0]1)!$([cH1]1[cH0][sX2][cH0][cH1]1)!$([cH1]1[cH1][cH0][sX2][cH0]1)!$([cH1]1[sX2][cH1][cH0][cH0]1)!$([cH1]1[cH0][cH0][cH1][sX2]1)!$([cH1]1[cH1][cH1][cH1][cH0][nX2]1)!$([cH1]1[cH1][cH1][cH0][nX2][cH1]1)!$([cH1]1[cH1][cH0][nX2][cH1][cH1]1)!$([cH1]1[cH0][nX2][cH1][cH1][cH1]1)!$([cH1]1[cH1][cH1][cH0][cH1][nX2]1)!$([cH1]1[cH1][cH0][cH1][nX2][cH1]1)!$([cH1]1[cH0][cH1][nX2][cH1][cH1]1)!$([cH1]1[nX2][cH1][cH1][cH1][cH0]1)!$([cH1]1[cH1][cH0][cH1][cH1][nX2]1)!$([cH1]1[cH0][cH1][cH1][nX2][cH1]1)!$([cH1]1[cH1][cH1][cH0][cH0][nX2]1)!$([cH1]1[cH1][cH0][cH0][nX2][cH1]1)!$([cH1]1[cH0][cH0][nX2][cH1][cH1]1)!$([cH1]1[cH1][cH0][cH1][cH0][nX2]1)!$([cH1]1[cH0][cH1][cH0][nX2][cH1]1)!$([cH1]1[cH0][nX2][cH1][cH1][cH0]1)!$([cH1]1[cH1][cH0][cH0][cH1][nX2]1)!$([cH1]1[cH0][cH0][cH1][nX2][cH1]1)!$([cH1]1[nX2][cH1][cH1][cH0][cH0]1)!$([cH1]1[cH0][cH1][cH1][cH0][nX2]1)!$([cH1]1[cH1][cH0][nX2][cH1][cH0]1)!$([cH1]1[cH0][nX2][cH1][cH0][cH1]1)!$([cH1]1[cH0][cH1][cH0][cH1][nX2]1)!$([cH1]1[cH0][cH1][nX2][cH1][cH0]1)!$([cH1]1[cH1][cH1][cH0][nX2][cH0]1)!$([cH1]1[cH1][cH0][nX2][cH0][cH1]1)]),$([cRH0!$([cRH0]1[sX2][cH1][cH1][cH1]1)!$([cH0]1[cH1][sX2][cH1][cH1]1)!$([cH0]1[sX2][cH1][cH1][cH0]1)!$([cH0]1[cH0][sX2][cH1][cH1]1)!$([cH0]1[sX2][cH1][cH0][cH1]1)!$([cH0]1[cH1][cH0][sX2][cH1]1)!$([cH0]1[cH1][sX2][cH1][cH0]1)!$([cRH0]1[sX2][cH0][cH1][cH1]1)!$([cRH0]1[nX2][cH1][cH1][cH1][cH1]1)!$([cRH0]1[cH1][nX2][cH1][cH1][cH1]1)!$([cRH0]1[cH1][cH1][nX2][cH1][cH1]1)!$([cRH0]1[nX2][cH1][cH1][cH1][cH0]1)!$([cRH0]1[cH0][nX2][cH1][cH1][cH1]1)!$([cRH0]1[cH1][nX2][cH1][cH1][cH0]1)!$([cRH0]1[cH0][cH1][nX2][cH1][cH1]1)!$([cRH0]1[nX2][cH1][cH0][cH1][cH1]1)!$([cRH0]1[cH1][cH1][cH0][nX2][cH1]1)!$([cRH0]1[cH1][nX2][cH1][cH0][cH1]1)!$([cRH0]1[nX2][cH0][cH1][cH1][cH1]1)!$([cRH0]1[nX2][cH1][cH1][cH0][cH1]1)!$([cRH0]1[cH1][cH0][nX2][cH1][cH1]1)!$([cRH0][CX4H3])!$([cRH0][CX4H1])!$([cRH0][OX2H1])!$([cRH0][NX3H2])!$([cRH0][Cl,F])!$([cRH0][NX3+](=[OX1])([O-]))!$([cRH0][NX3](=O)=O)!$([cRH0!$([cRH0][CX4H2][NX3H2])!$([cRH0][CX4H2][NX3H1][CX3]=[OX1])!$([cRH0][CX4H2][NX3]([CX4H2])[CX3]=[OX1])!$([cRH0][CX4H2][NX3]([CX4H3])[CX3]=[OX1])!$([cRH0][CX4H2][CX3](=[OX1])[OX2][#6])!$([cRH0][CX4H2][CX2]#[NX1])!$([cRH0][CX4H2][Cl])!$([cRH0][CX4H2][$([NX3+](=[OX1])([O-])),$([NX3](=O)=O)])!$([cRH0][CX4H2][SX2H1])!$([cRH0][CX4H2][Sv6X4](=[OX1])(=[OX1])[CX4H2])!$([cRH0][CX4H2][Sv6X4](=[OX1])(=[OX1])[CX4H1])]-[CX4H2])!$([cRH0]=[OX1])])]"
4 - Aromatic carbon-alkane,"[$([cRH0!$([cRH0]1[sX2][cH1][cH1][cH1]1)!$([cRH0]1[cH1][sX2][cH1][cH1]1)!$([cRH0]1[sX2][cH1][cH1][cH0]1)!$([cRH0]1[cH0][sX2][cH1][cH1]1)!$([cRH0]1[sX2][cH1][cH0][cH1]1)!$([cRH0]1[cH1][cH0][sX2][cH1]1)!$([cRH0]1[cH1][sX2][cH1][cH0]1)!$([cRH0]1[sX2][cH0][cH1][cH1]1)!$([cRH0]1[nX2][cH1][cH1][cH1][cH1]1)!$([cRH0]1[cH1][nX2][cH1][cH1][cH1]1)!$([cRH0]1[cH1][cH1][nX2][cH1][cH1]1)!$([cRH0]1[nX2][cH1][cH1][cH1][cH0]1)!$([cRH0]1[cH0][nX2][cH1][cH1][cH1]1)!$([cRH0]1[nX2][cH1][cH1][cH0][cH1]1)!$([cRH0]1[cH1][cH0][nX2][cH1][cH1]1)!$([cRH0]1[cH1][nX2][cH1][cH1][cH0]1)!$([cRH0]1[cH0][cH1][nX2][cH1][cH1]1)!$([cRH0]1[nX2][cH1][cH0][cH1][cH1]1)!$([cRH0]1[cH1][cH1][cH0][nX2][cH1]1)!$([cRH0]1[cH1][nX2][cH1][cH0][cH1]1)!$([cRH0]1[nX2][cH0][cH1][cH1][cH1]1)]-[CX4H3]),$([cRH0!$([cRH0]1[sX2][cH1][cH1][cH1]1)!$([cRH0]1[cH1][sX2][cH1][cH1]1)!$([cRH0]1[sX2][cH1][cH1][cH0]1)!$([cRH0]1[cH0][sX2][cH1][cH1]1)!$([cRH0]1[sX2][cH1][cH0][cH1]1)!$([cRH0]1[cH1][cH0][sX2][cH1]1)!$([cRH0]1[cH1][sX2][cH1][cH0]1)!$([cRH0]1[sX2][cH0][cH1][cH1]1)!$([cRH0]1[nX2][cH1][cH1][cH1][cH1]1)!$([cRH0]1[cH1][nX2][cH1][cH1][cH1]1)!$([cRH0]1[cH1][cH1][nX2][cH1][cH1]1)!$([cRH0]1[nX2][cH1][cH1][cH1][cH0]1)!$([cRH0]1[cH0][nX2][cH1][cH1][cH1]1)!$([cRH0]1[nX2][cH1][cH1][cH0][cH1]1)!$([cRH0]1[cH1][cH0][nX2][cH1][cH1]1)!$([cRH0]1[cH1][nX2][cH1][cH1][cH0]1)!$([cRH0]1[cH0][cH1][nX2][cH1][cH1]1)!$([cRH0]1[nX2][cH1][cH0][cH1][cH1]1)!$([cRH0]1[cH1][cH1][cH0][nX2][cH1]1)!$([cRH0]1[cH1][nX2][cH1][cH0][cH1]1)!$([cRH0]1[nX2][cH0][cH1][cH1][cH1]1)!$([cRH0][CX4H2][NX3H2])!$([cRH0][CX4H2][NX3H1][CX3]=[OX1])!$([cRH0][CX4H2][NX3]([CX4H2])[CX3]=[OX1])!$([cRH0][CX4H2][NX3]([CX4H3])[CX3]=[OX1])!$([cRH0][CX4H2][CX3](=[OX1])[OX2][#6])!$([cRH0][CX4H2][CX2]#[NX1])!$([cRH0][CX4H2][Cl])!$([cRH0][CX4H2][$([NX3+](=[OX1])([O-])),$([NX3](=O)=O)])!$([cRH0][CX4H2][SX2H1])!$([cRH0][CX4H2][Sv6X4](=[OX1])(=[OX1])[CX4H2])!$([cRH0][CX4H2][Sv6X4](=[OX1])(=[OX1])[CX4H1])]-[CX4H2]),$([cR]-[CX4H1])]"
5 - Alcohol,[OX2H1!$([OX2H1][CX4H3])!$([OX2H1]-c)!$([OX2H1][CX3]=[OX1])!$([OX2H1][CX4H2][CX4H2][OX2H1])!$([OX2H1][CX4H2][CX4H2][OX2H0!R])!$([OX2H1][CX4H2][CX4H1][OX2H0!R])!$([OX2H1][CX4H1][CX4H2][OX2H0!R])]
6 - Methanol,[CX4H3][OX2H1]
7 - Water,[OX2H2]
8 - Aromatic carbon-alcohol,[cRH0!$([cRH0]1[sX2][cH1][cH1][cH1]1)!$([cRH0]1[cH1][sX2][cH1][cH1]1)!$([cRH0]1[sX2][cH1][cH1][cH0]1)!$([cRH0]1[cH0][sX2][cH1][cH1]1)!$([cRH0]1[sX2][cH1][cH0][cH1]1)!$([cRH0]1[cH1][cH0][sX2][cH1]1)!$([cRH0]1[cH1][sX2][cH1][cH0]1)!$([cRH0]1[sX2][cH0][cH1][cH1]1)!$([cRH0]1[nX2][cH1][cH1][cH1][cH1]1)!$([cRH0]1[cH1][nX2][cH1][cH1][cH1]1)!$([cRH0]1[cH1][cH1][nX2][cH1][cH1]1)!$([cRH0]1[nX2][cH1][cH1][cH1][cH0]1)!$([cRH0]1[cH0][nX2][cH1][cH1][cH1]1)!$([cRH0]1[nX2][cH1][cH1][cH0][cH1]1)!$([cRH0]1[cH1][cH0][nX2][cH1][cH1]1)!$([cRH0]1[cH1][nX2][cH1][cH1][cH0]1)!$([cRH0]1[cH0][cH1][nX2][cH1][cH1]1)!$([cRH0]1[nX2][cH1][cH0][cH1][cH1]1)!$([cRH0]1[cH1][cH1][cH0][nX2][cH1]1)!$([cRH0]1[cH1][nX2][cH1][cH0][cH1]1)!$([cRH0]1[nX2][cH0][cH1][cH1][cH1]1)]-[OX2H1]
9 - Ð¡arbonyl,"[$([CX4H3][CX3](=[OX1])[#6]),$([CX4H2][CX3H0](=[OX1])[#6])]"
10 - Aldehyde,[CX3H1]([#6])=[OX1]
11 - Acetate group,"[$([CX4H3][CX3](=[OX1])[OX2][#6]),$([CX4H2][CX3](=[OX1])[OX2][#6])]"
12 - Formate group,[CX3H1](=[OX1])[OX2][#6]
13 - Ether,"[$([CX4H3][OX2!R!$([OX2][CX3]=[OX1,SX1,NX2])!$([OX2][CX4H2][CX4H2][OX2H1])!$([OX2][CX4H1][CX4H2][OX2H1])!$([OX2][CX4H2][CX4H1][OX2H1])][#6]),$([CX4H2][OX2!R!$([OX2][CX4H2][CX4H2][OX2H1])!$([OX2]([CX4H2])[CX4H1][CX4H2][OX2H1])!$([OX2][CX4H2][CX4H1][OX2H1])!$([OX2][CX3]=[OX1,SX1,NX2])!$([OX2]([CX4H2])[CX4H3])][#6]),$([CX4H1][OX2!$([OX2][C!H0][CH2][OX2H1])!$([OX2]([CX4H1])[CH2][C!H0][OX2H1])!$([OX2r3])!$([OX2][CX3]=[OX1,SX1,NX2])!$([OX2]([CX4H1])[CX4H3])!$([OX2]([CX4H1])[CX4H2!$([CX4H2]1[CX4H2][NX3H1][CX4H2][CX4H2][OX2]1)!$([CX4H2]1[NX3H1][CX4H2][CX4H2][OX2][CX4H2]1)!$([CX4H2][CX3H0](=[OX1])[#6!$([CX4H3])])!$([CX4H2][CX3](=[OX1])[OX2][#6])!$([CX4H2][CX2]#[NX1])!$([CX4H2][NX3]([CX4H2])[CX3H1]=[OX1])!$([CX4H2][NX3H1][CX3]=[OX1])!$([CX4H2][NX3]([CX4H3])[CX3]=[OX1])!$([CX4H2][NX3]([CX4H2])[CX3]=[OX1])!$([CX4H2]([OX2H1])[CX4H2][OX2H0!R!$([OX2][CX3]=[OX1])])!$([CX4H2]([OX2H0!R!$([OX2][CX3]=[OX1])])[CX4H2][OX2H1])!$([CX4H2]([OX2H0!R!$([OX2][CX3]=[OX1])])[CX4H1][OX2H1])!$([CX4H2]([OX2H1])[CX4H1][OX2H0!R!$([OX2][CX3]=[OX1])])!$([CX4H2]([OX2H1])[CX4H2][OX2H1!$([OX2][CX3]=[OX1])])!$([CX4H2][NX3H2])!$([CX4H2][NX3H1!$([NX3H1][CX4H3])!$([NX3H1]([CX4H2])[CX4H2])][#6!$([#6]=[OX1])])!$([CX4H2][NX3!$([NX3][CX4H3])!$([NX3]([CX4H2])[CX4H2])]([#6])[#6])!$([CX4H2]([ClX1])[ClX1])!$([CX4H2][$([NX3+](=[OX1])([O-])),$([NX3](=O)=O)])!$([CX4H2][SX2H1])!$([CX4H2]1[NX3]([CX4H3])[CX3](=[OX1])[CX4H2][CX4H2]1)!$([CX4H2]1[CX4H2][NX3]([CX4H3])[CX3](=[OX1])[CX4H2]1)!$([CX4H2]1[CX4H2][CX4H2][NX3]([CX4H3])[CX3]1(=[OX1]))!$([CX4H2][SX2H0!$([SX2H0]([CX4H2])[CX4H3])][*])!$([CX4H2][Sv6X4](=[OX1])(=[OX1])[CX4H2])!$([CX4H2][Sv6X4](=[OX1])(=[OX1])[CX4H1])!$([CX4H2]1[OX2][CX4H2]1)!$([CX4H2]1[OX2][CX4H1]1)!$([CX4H2]1[OX2][CX4H0]1)!$([CX4H2]([!Cl])[ClX1])!$([CX4H2]-[cRH0!$([cRH0]1[sX2][cH1][cH1][cH1]1)!$([cH0]1[cH1][sX2][cH1][cH1]1)!$([cH0]1[sX2][cH1][cH1][cH0]1)!$([cH0]1[cH0][sX2][cH1][cH1]1)!$([cH0]1[sX2][cH1][cH0][cH1]1)!$([cH0]1[cH1][cH0][sX2][cH1]1)!$([cH0]1[cH1][sX2][cH1][cH0]1)!$([cRH0]1[sX2][cH0][cH1][cH1]1)!$([cRH0]1[nX2][cH1][cH1][cH1][cH1]1)!$([cRH0]1[cH1][nX2][cH1][cH1][cH1]1)!$([cRH0]1[cH1][cH1][nX2][cH1][cH1]1)!$([cRH0]1[nX2][cH1][cH1][cH1][cH0]1)!$([cRH0]1[cH0][nX2][cH1][cH1][cH1]1)!$([cRH0]1[cH1][nX2][cH1][cH1][cH0]1)!$([cRH0]1[cH0][cH1][nX2][cH1][cH1]1)!$([cRH0]1[nX2][cH1][cH0][cH1][cH1]1)!$([cRH0]1[cH1][cH1][cH0][nX2][cH1]1)!$([cRH0]1[cH1][nX2][cH1][cH0][cH1]1)!$([cRH0]1[nX2][cH0][cH1][cH1][cH1]1)!$([cRH0]1[nX2][cH1][cH1][cH0][cH1]1)!$([cRH0]1[cH1][cH0][nX2][cH1][cH1]1)])])][#6]),$([OX2R!r3!$([OX2]C=[OX1])!$([OX2]1[CX4H2][CX4H2][NX3H1][CX4H2][CX4H2]1)]([R])[CX4H2R])]"
14 - Primary amine,"[$([CX4H3][NX3H2]),$([CX4H2][NX3H2]),$([CX4H1][NX3H2])]"
15 - Secondary amine group,"[$([CX4H3][NX3H1!$([NX3H1]([CX4H3])[CX3]=[OX1])][#6]),$([CX4H2][NX3H1!$([NX3H1]1[CX4H2][CX4H2][OX2][CX4H2][CX4H2]1)!$([NX3H1]([CX4H2])[CX3]=[OX1])!$([NX3H1]([CX4H3])[CX4H2])][#6]),$([CX4H1][NX3H1!$([NX3H1][CX4H3])!$([NX3H1][CX4H2])][#6])]"
16 - Tertiary amine,"[$([CX4H3][NX3!$([NX3]([CX4H3])([CH3,CH2])[CX3]=[OX1])]([#6])[#6]),$([CX4H2][NX3!$([NX3]([CX4H2])([CH3,CH2])[CX3]=[OX1])!$([NX3][CX4H3])]([#6])[#6])]"
17 - Aromatic amine,[cRH0!$([cRH0]1[sX2][cH1][cH1][cH1]1)!$([cRH0]1[cH1][sX2][cH1][cH1]1)!$([cRH0]1[sX2][cH1][cH1][cH0]1)!$([cRH0]1[cH0][sX2][cH1][cH1]1)!$([cRH0]1[sX2][cH1][cH0][cH1]1)!$([cRH0]1[cH1][cH0][sX2][cH1]1)!$([cRH0]1[cH1][sX2][cH1][cH0]1)!$([cRH0]1[sX2][cH0][cH1][cH1]1)!$([cRH0]1[nX2][cH1][cH1][cH1][cH1]1)!$([cRH0]1[cH1][nX2][cH1][cH1][cH1]1)!$([cRH0]1[cH1][cH1][nX2][cH1][cH1]1)!$([cRH0]1[nX2][cH1][cH1][cH1][cH0]1)!$([cRH0]1[cH0][nX2][cH1][cH1][cH1]1)!$([cRH0]1[nX2][cH1][cH1][cH0][cH1]1)!$([cRH0]1[cH1][cH0][nX2][cH1][cH1]1)!$([cRH0]1[cH1][nX2][cH1][cH1][cH0]1)!$([cRH0]1[cH0][cH1][nX2][cH1][cH1]1)!$([cRH0]1[nX2][cH1][cH0][cH1][cH1]1)!$([cRH0]1[cH1][cH1][cH0][nX2][cH1]1)!$([cRH0]1[cH1][nX2][cH1][cH0][cH1]1)!$([cRH0]1[nX2][cH0][cH1][cH1][cH1]1)]-[NX3H2]
18 - Pyridine,"[$([cH1]1[nX2][cH1][cH1][cH1][cH1]1),$([nX2]1:[cX3H1]:[cX3H1]:[cX3H1]:[cX3H1]:[cX3H0]1),$([nX2]1:[cX3H1]:[cX3H1]:[cX3H1]:[cX3H0]:[cX3H1]1),$([nX2]1:[cX3H1]:[cX3H1]:[cX3H0]:[cX3H1]:[cX3H1]1),$([nX2]1:[cX3H1]:[cX3H1]:[cX3H1]:[cX3H0]:[cX3H0]1),$([nX2]1:[cX3H1]:[cX3H1]:[cX3H0]:[cX3H1]:[cX3H0]1),$([nX2]1:[cX3H1]:[cX3H1]:[cX3H0]:[cX3H0]:[cX3H1]1),$([nX2]1:[cX3H1]:[cX3H0]:[cX3H1]:[cX3H1]:[cX3H0]1),$([nX2]1:[cX3H1]:[cX3H0]:[cX3H1]:[cX3H0]:[cX3H1]1),$([nX2]1:[cX3H0]:[cX3H1]:[cX3H1]:[cX3H1]:[cX3H0]1)]"
19 - CCN,"[$([CX4H3][CX2]#[NX1]),$([CX4H2][CX2]#[NX1])]"
20 - COOH,"[$([CX3H0](=[OX1])[OX2H1]),$([CX3H1](=[OX1])[OX2H1])]"
21 - CCl,"[$([CX4H2!$([CX4H2](Cl)Cl)]Cl),$([CX4H1!$([CX4H1]([Cl])F)!$([CX4H1]([Cl])(F)F)]([!Cl])([!Cl])[Cl]),$([CX4H0]([!Cl!F])([!Cl!F])([!Cl!F])[Cl])]"
22 - CCl2,"[$([CX4H2]([Cl])[Cl]),$([CX4H1]([!Cl!F])([Cl])[Cl]),$([CX4H0]([Cl])([Cl])([!Cl!F])[!Cl!F])]"
23 - CCl3,"[$([CX4H1]([Cl])([Cl])[Cl]),$([CX4H0]([!Cl!F])([Cl])([Cl])[Cl])]"
24 - CCl4,[CX4]([Cl])([Cl])([Cl])[Cl]
25 - Aromatic chloro,[cRH0!$([cRH0]1[sX2][cH1][cH1][cH1]1)!$([cRH0]1[cH1][sX2][cH1][cH1]1)!$([cRH0]1[sX2][cH1][cH1][cH0]1)!$([cRH0]1[cH0][sX2][cH1][cH1]1)!$([cRH0]1[sX2][cH1][cH0][cH1]1)!$([cRH0]1[cH1][cH0][sX2][cH1]1)!$([cRH0]1[cH1][sX2][cH1][cH0]1)!$([cRH0]1[sX2][cH0][cH1][cH1]1)!$([cRH0]1[nX2][cH1][cH1][cH1][cH1]1)!$([cRH0]1[cH1][nX2][cH1][cH1][cH1]1)!$([cRH0]1[cH1][cH1][nX2][cH1][cH1]1)!$([cRH0]1[nX2][cH1][cH1][cH1][cH0]1)!$([cRH0]1[cH0][nX2][cH1][cH1][cH1]1)!$([cRH0]1[nX2][cH1][cH1][cH0][cH1]1)!$([cRH0]1[cH1][cH0][nX2][cH1][cH1]1)!$([cRH0]1[cH1][nX2][cH1][cH1][cH0]1)!$([cRH0]1[cH0][cH1][nX2][cH1][cH1]1)!$([cRH0]1[nX2][cH1][cH0][cH1][cH1]1)!$([cRH0]1[cH1][cH1][cH0][nX2][cH1]1)!$([cRH0]1[cH1][nX2][cH1][cH0][cH1]1)!$([cRH0]1[nX2][cH0][cH1][cH1][cH1]1)]-[ClX1]
26 - CNO2,"[$([CX4H3][$([NX3+](=[OX1])([O-])),$([NX3](=O)=O)]),$([CX4H2][$([NX3+](=[OX1])([O-])),$([NX3](=O)=O)]),$([CX4H1][$([NX3+](=[OX1])([O-])),$([NX3](=O)=O)])]"
27 - Aromatic nitro,"[cRH0!$([cRH0]1[sX2][cH1][cH1][cH1]1)!$([cRH0]1[cH1][sX2][cH1][cH1]1)!$([cRH0]1[sX2][cH1][cH1][cH0]1)!$([cRH0]1[cH0][sX2][cH1][cH1]1)!$([cRH0]1[sX2][cH1][cH0][cH1]1)!$([cRH0]1[cH1][cH0][sX2][cH1]1)!$([cRH0]1[cH1][sX2][cH1][cH0]1)!$([cRH0]1[sX2][cH0][cH1][cH1]1)!$([cRH0]1[nX2][cH1][cH1][cH1][cH1]1)!$([cRH0]1[cH1][nX2][cH1][cH1][cH1]1)!$([cRH0]1[cH1][cH1][nX2][cH1][cH1]1)!$([cRH0]1[nX2][cH1][cH1][cH1][cH0]1)!$([cRH0]1[cH0][nX2][cH1][cH1][cH1]1)!$([cRH0]1[nX2][cH1][cH1][cH0][cH1]1)!$([cRH0]1[cH1][cH0][nX2][cH1][cH1]1)!$([cRH0]1[cH1][nX2][cH1][cH1][cH0]1)!$([cRH0]1[cH0][cH1][nX2][cH1][cH1]1)!$([cRH0]1[nX2][cH1][cH0][cH1][cH1]1)!$([cRH0]1[cH1][cH1][cH0][nX2][cH1]1)!$([cRH0]1[cH1][nX2][cH1][cH0][cH1]1)!$([cRH0]1[nX2][cH0][cH1][cH1][cH1]1)]-[$([NX3+](=[OX1])([O-])),$([NX3](=O)=O)]"
28 - Carbon disulphide,[SX1]=[CX2]=[SX1]
29 - CH3SH,"[$([CX4H3][SX2H1]),$([CX4H2][SX2H1])]"
30 - Furfural,"[OX2]1-,:[#6X3]=,:[#6X3]-,:[#6X3]=,:[#6X3]([CX3H1]=[OX1])-,:1"
31 - Ethanediol,[OX2H1][CX4H2][CX4H2][OX2H1]
32 - Iodo compounds,[I]
33 - Bromo compounds,[Br!$([Br][cR])]
34 - Carbon triple bond,"[$([CX2H1]#[CX2H0]),$([CX2H0]#[CX2H0])]"
35 - Dimethylsulphoxide,[CX4H3][Sv4X3](=[OX1])[CX4H3]
36 - Acrylonitrile,[CX3H2]=[CX3H1][CX2]#[NX1]
"37 - Cl, double bonded carbon",[Cl][CX3]=[CX3]
38 - Aromatic fluoro,[cRH0!$([cRH0]1[sX2][cH1][cH1][cH1]1)!$([cRH0]1[cH1][sX2][cH1][cH1]1)!$([cRH0]1[sX2][cH1][cH1][cH0]1)!$([cRH0]1[cH0][sX2][cH1][cH1]1)!$([cRH0]1[sX2][cH1][cH0][cH1]1)!$([cRH0]1[cH1][cH0][sX2][cH1]1)!$([cRH0]1[cH1][sX2][cH1][cH0]1)!$([cRH0]1[sX2][cH0][cH1][cH1]1)!$([cRH0]1[nX2][cH1][cH1][cH1][cH1]1)!$([cRH0]1[cH1][nX2][cH1][cH1][cH1]1)!$([cRH0]1[cH1][cH1][nX2][cH1][cH1]1)!$([cRH0]1[nX2][cH1][cH1][cH1][cH0]1)!$([cRH0]1[cH0][nX2][cH1][cH1][cH1]1)!$([cRH0]1[nX2][cH1][cH1][cH0][cH1]1)!$([cRH0]1[cH1][cH0][nX2][cH1][cH1]1)!$([cRH0]1[cH1][nX2][cH1][cH1][cH0]1)!$([cRH0]1[cH0][cH1][nX2][cH1][cH1]1)!$([cRH0]1[nX2][cH1][cH0][cH1][cH1]1)!$([cRH0]1[cH1][cH1][cH0][nX2][cH1]1)!$([cRH0]1[cH1][nX2][cH1][cH0][cH1]1)!$([cRH0]1[nX2][cH0][cH1][cH1][cH1]1)]-F
39 - DMF,"[$([CX3H1](=[OX1])[NX3]([CX4H3])[CX4H3]),$([CX3H1](=[OX1])[NX3]([CX4H2])[CX4H2])]"
40 - CF2,"[$([CX4](F)(F)(F)[!Cl!F]),$([CX4](F)(F)([!F!Cl!H])([!F!Cl!H])),$([CX4](F)([!F!Cl!H])([!F!Cl!H])([!F!Cl!H]))]"
41 - Acrylate,[#6!$([CX4H3])!$([CX4H2])][CX3](=[OX1])[OX2][#6]
42 - SiH2,"[$([SiX4H3]),$([SiX4H2]([!$([OX2])])([!$([OX2])])),$([SiX4H1]([!$([OX2])])([!$([OX2])])([!$([OX2])])),$([SiX4H0]([!$([OX2])])([!$([OX2])])([!$([OX2])])([!$([OX2])]))]"
43 - SiO,"[$([SiX4H2][OX2]),$([SiX4H1][OX2]),$([SiX4H0][OX2])]"
44 - Methylpyrrolidone,[CX4H2]1[NX3]([CX4H3])[CX3](=[OX1])[CX4H2][CX4H2]1
45 - CClF,"[$([CX4]([Cl])([Cl])([Cl])[F]),$([CX4H0]([Cl])([Cl])([F])[!Cl!F]),$([CX4H1]([Cl])([Cl])F),$([CX4H1](Cl)(F)([!F!Cl])),$([CX4H0](Cl)(F)(F)[!Cl!F]),$([CX4H1](Cl)(F)F),$([CX4](Cl)(F)(F)F),$([CX4](Cl)(Cl)(F)F)]"
46 - CON,"[$([CX3](=[OX1])[NX3H2]),$([CX3](=[OX1])[NX3H1][CX4H3]),$([CX3](=[OX1])[NX3H1][CX4H2]),$([CX3](=[OX1])[NX3]([CX4H3])[CX4H3]),$([CX3](=[OX1])[NX3]([CX4H3])[CX4H2]),$([CX3](=[OX1])[NX3]([CX4H2])[CX4H2])]"
47 - OCCOH,"[$([OX2H0!R][CX4H2][CX4H2][OX2H1]),$([OX2H0!R][CX4H1][CX4H2][OX2H1]),$([OX2H0!R][CX4H2][CX4H1][OX2H1])]"
48 - CH2S,"[$([CX4H3][SX2H0][*]),$([CX4H2][SX2H0!$([SX2H0]([CX4H2])[CX4H3])][*]),$([CH1][SX2H0!$([SX2H0]([CH1])[CX4H3])!$([SX2H0]([CH1])[CX4H2!$([CX4H2]1[CX4H2][NX3H1][CX4H2][CX4H2][OX2]1)!$([CX4H2]1[NX3H1][CX4H2][CX4H2][OX2][CX4H2]1)!$([CX4H2][CX3H0](=[OX1])[#6!$([CX4H3])])!$([CX4H2][CX3](=[OX1])[OX2][#6])!$([CX4H2][CX2]#[NX1])!$([CX4H2][NX3]([CX4H2])[CX3H1]=[OX1])!$([CX4H2][NX3H1][CX3]=[OX1])!$([CX4H2][NX3]([CX4H3])[CX3]=[OX1])!$([CX4H2][NX3]([CX4H2])[CX3]=[OX1])!$([CX4H2R][OX2R!$([OX2R]([CX4H2])[CX4H2])][R!$([CX3R]=[OX1])])!$([CX4H2][NX3H2])!$([CX4H2][NX3H1!$([NX3H1][CX4H3])!$([NX3H1]([CX4H2])[CX4H2])][#6!$([#6]=[OX1])])!$([CX4H2][NX3!$([NX3][CX4H3])!$([NX3]([CX4H2])[CX4H2])]([#6])[#6])!$([CX4H2]([ClX1])[ClX1])!$([CX4H2][$([NX3+](=[OX1])([O-])),$([NX3](=O)=O)])!$([CX4H2][SX2H1])!$([CX4H2]1[NX3]([CX4H3])[CX3](=[OX1])[CX4H2][CX4H2]1)!$([CX4H2]1[CX4H2][NX3]([CX4H3])[CX3](=[OX1])[CX4H2]1)!$([CX4H2]1[CX4H2][CX4H2][NX3]([CX4H3])[CX3]1(=[OX1]))!$([CX4H2][Sv6X4](=[OX1])(=[OX1])[CX4H2])!$([CX4H2][Sv6X4](=[OX1])(=[OX1])[CX4H1])!$([CX4H2]1[OX2][CX4H2]1)!$([CX4H2]1[OX2][CX4H1]1)!$([CX4H2]1[OX2][CX4H0]1)!$([CX4H2]([!Cl])[ClX1])!$([CX4H2]-[cRH0!$([cRH0]1[sX2][cH1][cH1][cH1]1)!$([cH0]1[cH1][sX2][cH1][cH1]1)!$([cH0]1[sX2][cH1][cH1][cH0]1)!$([cH0]1[cH0][sX2][cH1][cH1]1)!$([cH0]1[sX2][cH1][cH0][cH1]1)!$([cH0]1[cH1][cH0][sX2][cH1]1)!$([cH0]1[cH1][sX2][cH1][cH0]1)!$([cRH0]1[sX2][cH0][cH1][cH1]1)!$([cRH0]1[nX2][cH1][cH1][cH1][cH1]1)!$([cRH0]1[cH1][nX2][cH1][cH1][cH1]1)!$([cRH0]1[cH1][cH1][nX2][cH1][cH1]1)!$([cRH0]1[nX2][cH1][cH1][cH1][cH0]1)!$([cRH0]1[cH0][nX2][cH1][cH1][cH1]1)!$([cRH0]1[cH1][nX2][cH1][cH1][cH0]1)!$([cRH0]1[cH0][cH1][nX2][cH1][cH1]1)!$([cRH0]1[nX2][cH1][cH0][cH1][cH1]1)!$([cRH0]1[cH1][cH1][cH0][nX2][cH1]1)!$([cRH0]1[cH1][nX2][cH1][cH0][cH1]1)!$([cRH0]1[nX2][cH0][cH1][cH1][cH1]1)!$([cRH0]1[nX2][cH1][cH1][cH0][cH1]1)!$([cRH0]1[cH1][cH0][nX2][cH1][cH1]1)])])][*])]"
49 - Morpholine,[OX2]1[CX4H2][CX4H2][NX3H1][CX4H2][CX4H2]1
50 - Thiophene,"[$([#6X3H1]1-,:[#16X2]-,:[#6X3H1]=,:[#6X3H1]-,:[#6X3H1]=,:1),$([#6X3H1]1-,:[#16X2]-,:[#6X3H1]=,:[#6X3H1]-,:[#6X3H0]=,:1),$([#6X3H1]1-,:[#16X2]-,:[#6X3H0]=,:[#6X3H1]-,:[#6X3H1]=,:1),$([#6X3H1]1-,:[#16X2]-,:[#6X3H0]=,:[#6X3H0]-,:[#6X3H1]=,:1),$([#6X3H1]1-,:[#16X2]-,:[#6X3H0]=,:[#6X3H1]-,:[#6X3H0]=,:1),$([#6X3H1]1-,:[#16X2]-,:[#6X3H1]=,:[#6X3H0]-,:[#6X3H0]=,:1),$([#6X3H0]1-,:[#16X2]-,:[#6X3H0]=,:[#6X3H1]-,:[#6X3H1]=,:1)]"
52 - Sulphones,"[$([CX4H2][Sv6X4](=[OX1])(=[OX1])[CX4H2]),$([CX4H2][Sv6X4](=[OX1])(=[OX1])[CX4H1])]"
53 - Oxides,"[$([CX4H2]1[OX2][CX4H2]1),$([CX4H2]1[OX2][CX4H1]1),$([CX4H2]1[OX2][CX4H0]1),$([CX4H1]1[OX2][CX4H1]1),$([CX4H1]1[OX2][CX4H0]1),$([CX4H0]1[OX2][CX4H0]1)]"
54 - Anhydrides,[CX3](=[OX1])[OX2][CX3](=[OX1])
55 - Aromatic nitrile,[cRH0!$([cRH0]1[sX2][cH1][cH1][cH1]1)!$([cRH0]1[cH1][sX2][cH1][cH1]1)!$([cRH0]1[sX2][cH1][cH1][cH0]1)!$([cRH0]1[cH0][sX2][cH1][cH1]1)!$([cRH0]1[sX2][cH1][cH0][cH1]1)!$([cRH0]1[cH1][cH0][sX2][cH1]1)!$([cRH0]1[cH1][sX2][cH1][cH0]1)!$([cRH0]1[sX2][cH0][cH1][cH1]1)!$([cRH0]1[nX2][cH1][cH1][cH1][cH1]1)!$([cRH0]1[cH1][nX2][cH1][cH1][cH1]1)!$([cRH0]1[cH1][cH1][nX2][cH1][cH1]1)!$([cRH0]1[nX2][cH1][cH1][cH1][cH0]1)!$([cRH0]1[cH0][nX2][cH1][cH1][cH1]1)!$([cRH0]1[nX2][cH1][cH1][cH0][cH1]1)!$([cRH0]1[cH1][cH0][nX2][cH1][cH1]1)!$([cRH0]1[cH1][nX2][cH1][cH1][cH0]1)!$([cRH0]1[cH0][cH1][nX2][cH1][cH1]1)!$([cRH0]1[nX2][cH1][cH0][cH1][cH1]1)!$([cRH0]1[cH1][cH1][cH0][nX2][cH1]1)!$([cRH0]1[cH1][nX2][cH1][cH0][cH1]1)!$([cRH0]1[nX2][cH0][cH1][cH1][cH1]1)]-[CX2]#[NX1]
56 - Aromatic bromo,[cRH0!$([cRH0]1[sX2][cH1][cH1][cH1]1)!$([cRH0]1[cH1][sX2][cH1][cH1]1)!$([cRH0]1[sX2][cH1][cH1][cH0]1)!$([cRH0]1[cH0][sX2][cH1][cH1]1)!$([cRH0]1[sX2][cH1][cH0][cH1]1)!$([cRH0]1[cH1][cH0][sX2][cH1]1)!$([cRH0]1[cH1][sX2][cH1][cH0]1)!$([cRH0]1[sX2][cH0][cH1][cH1]1)!$([cRH0]1[nX2][cH1][cH1][cH1][cH1]1)!$([cRH0]1[cH1][nX2][cH1][cH1][cH1]1)!$([cRH0]1[cH1][cH1][nX2][cH1][cH1]1)!$([cRH0]1[nX2][cH1][cH1][cH1][cH0]1)!$([cRH0]1[cH0][nX2][cH1][cH1][cH1]1)!$([cRH0]1[nX2][cH1][cH1][cH0][cH1]1)!$([cRH0]1[cH1][cH0][nX2][cH1][cH1]1)!$([cRH0]1[cH1][nX2][cH1][cH1][cH0]1)!$([cRH0]1[cH0][cH1][nX2][cH1][cH1]1)!$([cRH0]1[nX2][cH1][cH0][cH1][cH1]1)!$([cRH0]1[cH1][cH1][cH0][nX2][cH1]1)!$([cRH0]1[cH1][nX2][cH1][cH0][cH1]1)!$([cRH0]1[nX2][cH0][cH1][cH1][cH1]1)]-Br
phosphorodithionate,[$([SX2H0]P(=S)([OH0])[OH0])]P(=S)([OH0])[OH0]
"O,O-diethylphosphorodithionate",CCOP(=S)(OCC)SC([*:1])
phosphoryl,[PX4H0](=O)([OH0])([OH0])[OH0]
"O,O-dimethylphosphoryl",COP(=O)(O([*:1]))OC
phosphorothionate,[$([OH0]P(=S)([OH0])[OH0])]P(=S)([OH0])[OH0]
diethylphosphorothionate,CCOP(=S)(O([*:1]))OCC
O-phenyl phenylphosphonothioate,S=P(O([*:1]))(Oc1ccc([*:1])cc1)c1ccccc1
O-phenyl phosphonothioate,S=P(O([*:1]))(O([*:1]))Oc1ccc([*:1])cc1
carbamate,[$(N([!H])C(=O)[OH0])]C(=O)[OH0]
"2,2-dimethyl-2,3-dihydro-1-benzofuran-7-yl N-(aminosulfanyl)-N-methylcarbamate",CN(SN([*:1])([*:1]))C(=O)Oc1cccc2CC(C)(C)Oc12
methyl(propoxysulfanyl) carbamate,CN(SOCCC([*:1]))C(=O)O([*:1])
phenyl carbamate,O=C(N([*:1]))Oc1ccccc([*:1])1
O-(methylaminocarbonyl)oxime,[CX4]NC(=O)ON=C
dimethylcarbamate,CN(C)C(=O)O([*:1])
barbiturates,*C1(*)[#6](=O)-[#7]-[#6](=O)-[#7]-[#6]1=O
4-Hydroxycoumarin,[OH1]C1=CC(=O)Oc2[cH][cH][cH][cH]c12
Phenothiazine,*-[#7]-1-c2ccccc2-[#16]-c2ccccc-12
1-carboximidoylpiperazine,[NR1X3]1[CX4R1][CX4R1][NX3R1]([CX3]=[NX2])[CX4R1][CX4R1]1
phenylpiperazine,[NR1X3]1[CX4R1][CX4R1][NX3R1](c2ccccc2)[CX4R1][CX4R1]1
"2,4-dichloro-benzene-1,3-dicarbonitrile",N#Cc1c([*:1])c([*:1])c(Cl)c(C#N)c1Cl
R1 - Reactive alkyl halides,"[Br,Cl,I][CX4;CH,CH2]"
R2 - Acid halides,"[S,C](=[O,S])[F,Br,Cl,I]"
R3 - Carbazides,O=CN=[N+]=[N-]
R4 - Sulphate esters,"COS(=O)O[C,c]"
R5 - Sulphonates,"COS(=O)(=O)[C,c]"
R6 - Acid anhydrides,C(=O)OC(=O)
R7 - Peroxides,OO
R8 - Pentafluorophenyl esters,C(=O)Oc1c(F)c(F)c(F)c(F)c1(F)
R9 - Paranitrophenyl esters,C(=O)Oc1ccc(N(=O)=O)cc1
R10 - Esters of HOBT (Hydroxybenzotriazole),C(=O)Onnn
R11 - Isocyanates & Isothiocyanantes,"N=C=[S,O]"
R12 - Triflates,OS(=O)(=O)C(F)(F)F
R13 - Lawesson's reagent and derivatives,P(=S)(S)S
R14 - Phosphoramides,NP(=O)(N)N
R15 - Aromatic azides,cN=[N+]=[N-]
R16 - beta carbonyl quaternary Nitrogen,"C(=O)C[N+,n+]"
R17 - Acylhydrazide,[N;R0][N;R0]C(=O)
"R18 - Quaternary C,Cl,I,P or S","[C+,Cl+,I+,P+,S+]"
R19 - Phosphoranes,C=P
R20 - Chloramidines,[Cl]C([C&R0])=N
R21 - Nitroso,[N&D2](=O)
R22 - P/S Halides,"[P,S][Cl,Br,F,I]"
R23 - Carbodiumide,N=C=N
R24 - Isonitrile,[N+]#[C-]
R25 - Triacyloximes,C(=O)N(C(=O))OC(=O)
R26 - Cyanohydrins,N#CC[OH]
R27 - Acyl cyanides,N#CC(=O)
R28 - Sulfonyl cyanides,S(=O)(=O)C#N
R29 - Cyanophosphonates,P(OCC)(OCC)(=O)C#N
R30 - Azocyanamides,[N;R0]=[N;R0]C#N
R31 - Azoalkanals,[N;R0]=[N;R0]CC=O
I1 - Aliphatic methylene chains 7 or more long,[CD2;R0][CD2;R0][CD2;R0][CD2;R0][CD2;R0][CD2;R0][CD2;R0]
I2 - Compounds with 4 or more acidic groups,"[C,S,P](=O)[OH].[C,S,P](=O)[OH].[C,S,P](=O)[OH].[C,S,P](=O)[OH]"
I3 - Crown ethers,[O;R1][C;R1][C;R1][O;R1][C;R1][C;R1][O;R1]
I4 - Disulphides,SS
I5 - Thiols,[SH]
"I6 - Epoxides, Thioepoxides, Aziridines","C1[O,S,N]C1"
"I7 - 2,4,5 trihydroxyphenyl",c([OH])c([OH])c([OH])
"I8 - 2,3,4 trihydroxyphenyl",c([OH])c([OH])cc([OH])
I9 - Hydrazothiourea,N=NC(=S)N
I10 - Thiocyanate,SC#N
I11 - Benzylic quaternary Nitrogen,cC[N+]
I12 - Thioesters,"C[O,S;R0][C;R0](=S)"
I13 - Cyanamides,N[CH2]C#N
I14 - Four membered lactones,C1(=O)OCC1
I15 - Di and Triphosphates,P(=O)([OH])OP(=O)[OH]
I16 - Betalactams,N1CCC1=O
N1 - Quinones,O=C1[#6]~[#6]C(=O)[#6]~[#6]1
N2 - Polyenes,C=CC=CC=CC=C
N3 - Saponin derivatives,O1CCCCC1OC2CCC3CCCCC3C2
N4 - Cytochalasin derivatives,O=C1NCC2CCCCC21
N5 - Cycloheximide derivatives,O=C1CCCC(N1)=O
N6 - Monensin derivatives,O1CCCCC1C2CCCO2
N7 - Cyanidin derivatives,[OH]c1cc([OH])cc2[O+]=C(C([OH])=Cc21)c3cc([OH])c([OH])cc3
N8 - Squalestatin derivatives,C12OCCC(O1)CC2
"A1 - e.g., carboxylic acid","[OH1][P,C,S](=O)"
"A2 - e.g.,imide","[NH1]([P,S]=O)([P,S]=O)"
A3,[nH]1cnoc1=O
A4,[OH1]C1=NC=NO1
A5,[NH1]1C=NOS1=O
A6,[OH1]C1=NC(=O)CC1=O
A7,[OH1]C1NC(=O)C(=O)C1
A8,[nH1]1ncoc1=O
A9,[OH1]C1=NN=CO1
A10,[nH1]1[nH]cnc1=O
A11,[OH1]C1=N[NH1]C=N1
A12,[OH1]C1=NOC=C1
A13,[nH1]1occc1=O
A14,[OH1]c1oncc1
A15,[nH1]1ccc(=O)o1
A16 - tetrazole,[nH1]nnn
A17,[nH1](n)nn
A18,[OH1]C1=NC(=O)NO1
A19,[OH1]C1=NC(=O)ON1
A20,[nH1]1cnnc1C(F)(F)F
A21,[nH1]1cnc(n1)C(F)(F)F
A22,[nH1]1C(=O)CC(=O)O1
A23,[OH1]C1=CC(=O)NO1
A24,[OH1]C1=CC(=O)ON1
A25 - benzosulphimide,[NH1]1C(=O)c2ccccc2S1(=O)=O
A26,[OH1]C1=NS(=O)(=O)c2ccccc21
A27,[OH1]C1=NC(=O)c2ccccc21
A28,[OH1]C1=COC=CC1=O
A29,[OH1]C1=NSN=C1
A30 - hyroxamic acid,[OH1]NC(=O)
A31 - trifluoromethyl sulphonamide,[NH]S(=O)(=O)C(F)(F)F
A32 - aryl sulphonamide,[NH](c)S(=O)=O
A33 - phenol,"[OH1]c1c[c,n]ccc1"
ACID,"[$([OH1][P,C,S](=O)),$([NH1]([P,S]=O)([P,S]=O)),$([nH]1cnoc1=O),$([OH1]C1=NC=NO1),$([NH1]1C=NOS1=O),$([OH1]C1=NC(=O)CC1=O),$([OH1]C1NC(=O)C(=O)C1),$([nH1]1ncoc1=O),$([OH1]C1=NN=CO1),$([nH1]1[nH]cnc1=O),$([OH1]C1=N[NH1]C=N1),$([OH1]C1=NOC=C1),$([nH1]1occc1=O),$([OH1]c1oncc1),$([nH1]1ccc(=O)o1),$([nH1]nnn),$([nH1](n)nn),$([OH1]C1=NC(=O)NO1),$([OH1]C1=NC(=O)ON1),$([nH1]1cnnc1C(F)(F)F),$([nH1]1cnc(n1)C(F)(F)F),$([nH1]1C(=O)CC(=O)O1),$([OH1]C1=CC(=O)NO1),$([OH1]C1=CC(=O)ON1),$([NH1]1C(=O)c2ccccc2S1(=O)=O),$([OH1]C1=NS(=O)(=O)c2ccccc21),$([OH1]C1=NC(=O)c2ccccc21),$([OH1]C1=COC=CC1=O),$([OH1]C1=NSN=C1),$([OH1]NC(=O)),$([NH]S(=O)(=O)C(F)(F)F),$([NH](c)S(=O)=O),$([OH1]c1c[c,n]ccc1)]"
B1 - primary amine,[NH2][CX4]
B2 - secondary amine,[NH]([CX4])[CX4]
B3 - tertiary amine,[NX3]([CX4])([CX4])[CX4]
B4SUB,"[C,c](=N)N"
B5EXC,"[C,c](=N)N[C,S](=O)"
B6,"[$([C,c](=N)N);!$([C,c](=N)N[C,S](=O))]"
B7EXC,n(:c)(:c):a
B7,[nH0;!$(n-C);!$(n(:c)(:c):a)]1ccccc1
B8EXC,"[N,n;+1]"
B9,"[$([NH2]!:c),$([NH1]([CX4])!:c),$([NH0]([CX4])([CX4])!:c)]"
BASE,"[$([NH2][CX4]),$([NH]([CX4])[CX4]),$([NX3]([CX4])([CX4])[CX4]),$([$([C,c](=N)N);!$([C,c](=N)N[C,S](=O))]),$([nH0;!$(n-C);!$(n(:c)(:c):a)]1ccccc1),$([$([NH2]!:c),$([NH1]([CX4])!:c),$([NH0]([CX4])([CX4])!:c)]);!$([N,n;+1])]"
E1 - alkyl and aryl ketones and aldehydes,"[C;H1](=[O,S])[C,c]"
"E2 - e.g., carboxylic esters","[C,P;H1](=[O,S])[O,S]"
"E3 - e.g., carbonates","[C](=O)([C,c,O,S])[C,c,O,S]"
E4EXC,C(=O)[OH1]
E5EXC,C(=O)[SH1]
E6,"C(=[O,S])(N)Oc"
"E7 - e.g., aryl carbamates","C1(=O)NS(=O)(=O)[C,c]=,:[C,c]1"
E8SUB,"P(=O)[O,S]"
E9EXC,P[OH1]
E10,"[$(P(=O)[O,S]);!$(P[OH1])]"
E11,c(=O)(~c)~c
E12EXC,"[$(c1(=O)ccn([C,c])cc1),$(c1(=O)n([C,c])cccc1)]"
E12,"[$(c(=O)(~c)~c);!$([$(c1(=O)ccn([C,c])cc1),$(c1(=O)n([C,c])cccc1)])]"
E13 - imides,C(=O)-N-C=O
ELEC,"[$([C;H1](=[O,S])[C,c]),$([C,P;H1](=[O,S])[O,S]),$([C](=O)([C,c,O,S])[C,c,O,S]),$(C(=[O,S])(N)Oc),$(C1(=O)NS(=O)(=O)[C,c]=,:[C,c]1),$([$(P(=O)[O,S]);!$(P[OH1])]),$([$(c(=O)(~c)~c);!$([$(c1(=O)ccn([C,c])cc1),$(c1(=O)n([C,c])cccc1)])]),$(C(=O)-N-C=O);!$(C(=O)[OH1]);!$(C(=O)[SH1])]"
N1 - pimary amines,[NX3H2][CX4]
N2 - secondary amines,[NX3H]([CX4])[CX4]
N4EXC,"N=[O,C,N,S]"
N5EXC,"N-[C,c,N]=[C,c,N,n,O,S]"
N6,"[OH1][C,c,N;!$(C=O)]"
N7EXC,[OH1]C=C
N8EXC,"[OH1]NC=[O,S]"
N9,"[$([NX3H2]!:c),$([NX3H1]([CX4])!:c),$([NX3H0]([CX4])([CX4])!:c)]"
NUC,"[$([NH2][CX4]),$([NH]([CX4])[CX4]),$([OH1][C,c,N;!$(C=O)]),$([$([NH2]!:c),$([NH1]([CX4])!:c),$([NH0]([CX4])([CX4])!:c)]);!$(N=[O,C,N,S]);!$(N-[C,c,N]=[C,c,N,n,O,S]);!$([OH1]C=C);!$([OH1]NC=[O,S])]"
> 2 ester groups,"C(=O)O[C,H1].C(=O)O[C,H1].C(=O)O[C,H1]"
2-halo pyridine,"n1c([F,Cl,Br,I])cccc1"
Acid halide,"C(=O)[Cl,Br,I,F]"
Acyclic C=C-O,C=[C!r]O
Acyl cyanide,N#CC(=O)
Acyl hydrazine,C(=O)N[NH2]
Aldehyde,[CH1](=O)
Aliphatic long chain,[R0;D2][R0;D2][R0;D2][R0;D2]
Alkyl halide,"[CX4][Cl,Br,I]"
Amidotetrazole,c1nnnn1C=O
Aniline,c1cc([NH2])ccc1
Azepane,[CH2R1]1N[CH2R1][CH2R1][CH2R1][CH2R1][CH2R1]1
Azido group,N=[N+]=[N-]
Azo group,N=N
Azocane,[CH2R1]1N[CH2R1][CH2R1][CH2R1][CH2R1][CH2R1][CH2R1]1
Benzidine,"[cR2]1[cR2][cR2]([Nv3X3,Nv4X4])[cR2][cR2][cR2]1[cR2]2[cR2][cR2][cR2]([Nv3X3,Nv4X4])[cR2][cR2]2"
Betaketo/anhydride,"[C,c](=O)[CX4,CR0X3,O][C,c](=O)"
Biotin analogue,C12C(NC(N1)=O)CSC2
Carbo cation/anion,"[C+,c+,C-,c-]"
Catechol,"c1c([OH])c([OH,NH2,NH])ccc1"
Charged oxygen or sulfur atoms,"[O+,o+,S+,s+]"
Chinone (1),"C1(=[O,N])C=CC(=[O,N])C=C1"
Chinone (2),"C1(=[O,N])C(=[O,N])C=CC=C1"
Conjugated nitrile group,C=[C!r]C#N
Crown ether,"[OR2,NR2]@[CR2]@[CR2]@[OR2,NR2]@[CR2]@[CR2]@[OR2,NR2]"
Cumarine,c1ccc2c(c1)ccc(=O)o2
Cyanamide,N[CH2]C#N
Cyanate/aminonitrile/thiocyanate,"[N,O,S]C#N"
Cyanohydrins,N#CC[OH]
Cycloheptane (1),[CR1]1[CR1][CR1][CR1][CR1][CR1][CR1]1
Cycloheptane (2),[CR1]1[CR1][CR1]cc[CR1][CR1]1
Cyclooctane (1),[CR1]1[CR1][CR1][CR1][CR1][CR1][CR1][CR1]1
Cyclooctane,[CR1]1[CR1][CR1]cc[CR1][CR1][CR1]1
Diaminobenzene (1),"[cR2]1[cR2]c([N+R0,NX3R0,nX3R0])c([N+R0,NX3R0,nX3R0])[cR2][cR2]1"
Diaminobenzene (2),"[cR2]1[cR2]c([N+R0,NX3R0,nX3R0])[cR2]c([N+R0,NX3R0,nX3R0])[cR2]1"
Diaminobenzene (3),"[cR2]1[cR2]c([N+R0,NX3R0,nX3R0])[cR2][cR2]c1([N+R0,NX3R0,nX3R0])"
Diazo group,[N!R]=[N!R]
Diketo group,"[C,c](=O)[C,c](=O)"
Disulphide,SS
Enamine,[CX3R0][NX3R0]
Ester of HOBT,C(=O)Onnn
Four member lactones,C1(=O)OCC1
Halogenated ring (1),"c1cc([Cl,Br,I,F])cc([Cl,Br,I,F])c1[Cl,Br,I,F]"
Halogenated ring (2),"c1ccc([Cl,Br,I,F])c([Cl,Br,I,F])c1[Cl,Br,I,F]"
Heavy metal,"[Hg,Fe,As,Sb,Zn,Se,se,Te,B,Si]"
Het-c-het not in ring,"[NX3R0,NX4R0,OR0,SX2R0][CX4][NX3R0,NX4R0,OR0,SX2R0]"
Hydantoin,C1NC(=O)NC(=O)1
Hydrazine,N[NH2]
Hydroquinone,"[OH]c1ccc([OH,NH2,NH])cc1"
Hydroxamic acid,C(=O)N[OH]
Imine,C=[N!R]
Imine,"N=[CR0][N,n,O,S]"
Iodine,I
Isocyanate,N=C=O
Isolated alkene,"[$([CH2]),$([CH][CX4]),$(C([CX4])[CX4])]=[$([CH2]),$([CH][CX4]),$(C([CX4])[CX4])]"
Ketene,C=C=O
"Methylidene-1,3-dithiole",S1C=CSC1=S
Michael acceptor (1),"C=!@CC=[O,S]"
Michael acceptor (2),"[$([CH]),$(CC)]#CC(=O)[C,c]"
Michael acceptor (3),"[$([CH]),$(CC)]#CS(=O)(=O)[C,c]"
Michael acceptor (4),C=C(C=O)C=O
Michael acceptor (5),"[$([CH]),$(CC)]#CC(=O)O[C,c]"
N oxide,"[NX4,nX3][OX1]"
"N-acyl-2-amino-5-mercapto-1,3,4-thiadiazole",s1c(S)nnc1NC=O
N-c-halo,"NC[F,Cl,Br,I]"
N-halo,"[NX3,NX4][F,Cl,Br,I]"
N-hydroxylpyridine,n[OH]
Nitro group,"[$([NX3](=O)=O),$([NX3+](=O)[O-])]"
N-nitroso,[#7]-N=O
Oxime (1),"[C,c]=N[OH]"
Oxime (2),"[C,c]=NOC=O"
Oxygen-nitrogen single bond,"[OR0,NR0][OR0,NR0]"
Perfluorinated chain,[CX4](F)(F)[CX4](F)F
Peroxide,OO
Phenol ester,c1ccccc1OC(=O)[#6]
Phenyl carbonate,c1ccccc1OC(=O)O
Phosphor,P
Phthalimide,"[cR,CR]~C(=O)NC(=O)~[cR,CR]"
Polycyclic aromatic hydrocarbon (1),"a1aa2a3a(a1)[a,A]=,:[a,A]-,:[a,A]=,:[a,A]3A=AA2"
Polycyclic aromatichydrocarbon (2),a21aa3a(aa1aaaa2)aaaa3
Polycyclic aromatichydrocarbon (3),a31a(a2a(aa1)aaaa2)aaaa3
Polyene,[CR0]=[CR0][CR0]=[CR0]
Quaternary nitrogen (1),"[s,S,c,C,n,N,o,O]~[nX3+,NX4+](~[s,S,c,C,n,N])~[s,S,c,C,n,N]"
Quaternary nitrogen (2),"[s,S,c,C,n,N,o,O]~[n+,N+](~[s,S,c,C,n,N,o,O])(~[s,S,c,C,n,N,o,O])~[s,S,c,C,n,N,o,O]"
Quaternary nitrogen (3),[*]=[N+]=[*]
Saponine derivative,O1CCCCC1OC2CCC3CCCCC3C2
Silicon halogen,"[Si][F,Cl,Br,I]"
Stilbene,c1ccccc1C=Cc2ccccc2
Sulfinic acid,"[SX3](=O)[O-,OH]"
Sulfonic acid,"[C,c]S(=O)(=O)O[C,c]"
Sulfonic acid,"S(=O)(=O)[O-,OH]"
Sulfonyl cyanide,S(=O)(=O)C#N
Sulfur oxygen single bond,[SX2]O
Sulphate,OS(=O)(=O)[O-]
Sulphur nitrogen single bond,[SX2H0][N]
Thiobenzothiazole (1),c12ccccc1(SC(S)=N2)
Thiobenzothiazole (2),c12ccccc1(SC(=S)N2)
Thiocarbonyl group,"[C,c]=S"
Thioester,SC=O
Thiol (1),[S-]
Thiol (2),[SH]
Three-membered heterocycle,"*1[O,S,N]*1"
Triflate,OS(=O)(=O)C(F)(F)F
Triphenyl methylsilyl,"[SiR0,CR0](c1ccccc1)(c2ccccc2)(c3ccccc3)"
Triple bond,C#C
Aromatic NO2,"[$([NX3](=O)=O),$([NX3+](=O)[O-])]-c(:*):*"
Deuterium,[2H]
C13,[13#6]
2-Chloropyridine,n1c(cccc1)Cl
Aniline,[NH2D1]-c(:*):*
"Si,B,Se atoms","[Si,B,Se]"
Hetero imides,[!#6]-[CH2]-N1C(=O)CCC(=O)1
Poly ethers,O[CH2][CH2]O-!@[CH2][CH2]O
Acyclic imines,"C-!@[NX2]=[C!R,#1]-C"
Alkyl esters of S or P,"[S,P](=O)OC"
Ugly P compounds,"P(=[O,S])[C,N]([C,N])[C,N]"
"Acyclic N-,=N and not N bound to carbonyl or sulfone","[N;!$(N-[C,S]=*)]-,=;!@[N;!$(N-[C,S]=*)]"
Acyclic N-C-N,N-!@[CX4]-!@N
Acyclic N-S,N-!@[SX2]-*
Mustards,"[N,S,O][CH2][CH2]-[F,Cl,Br,I]"
Aldehyde,O=[C!H0]
"1,2-Dicarbonyl not in ring",O=[CX3]-!@[CX3]=O
"Carbamate, t-BOC protected",NC(OC([CH3])([CH3])[CH3])=O
"Carbamate, Cbz protected",NC(O[CH2]c1ccccc1)=O
Carbamate include di-substitued N,OC(=O)-!@[NX3]
Acyl halide,"O=C-[F,Cl,Br,I]"
Alkyl halide,"[CH2]-[Cl,Br,I]"
Alpha halo carbonyl,"O=C-C-[F,Cl,Br,I]"
Sufonyl halide,"S(=O)(=O)-[F,Cl,Br,I]"
N:C-SCH2 groups,[ND1]=C-!@[SX2]-[CH2D2]
26,N-C(=S)-N
Terminal vinyl,[CH2D1]=[CD2]-!@*
28,S=P~*
Thio cyanates,S-C#N
Thiols,*-[S!H0]
Thionyl,[Sv4](=O)(-!@[!#1])-!@[!#1]
N-Haloamines,"N-[F,Cl,Br,I]"
N-C-Hal or cyano methyl,"N-C-[F,Cl,Br,I,$(C#N)]"
Alpha beta-unsaturated ketones; center of Michael reactivity,"[$(C#N),$(N(~O)~O),$(C=O),$(S(=O)=O),$(C(F)(F)F),Cl][C!H0]=[C!H0]"
Aliphatic ketone not ring and not di-carbonyl,[C;!$(C=*)][C!R](=O)[CH2D2]
"Aliphatic ester, not lactones",C[C!R](=O)[O!R][CH2D2]
"Long aliphatic chain, 6+",[CH2][CH2][CH2]-!@[CH2][CH2][CH2]
Quinones,"O=[#6]1[#6]:,=[#6][#6](=O)[#6]:,=[#6]1"
Acyclic C=C-O,C=C-!@O-*
Acyclic C=N-H,[NH1X2]=[C!R;!$(C(-N)(=[NH1])-N)]
Acyclic no not nitro,O-!@[N;!$(N(=O)=O);!$([N+](=O)[O-])]
42,S-S
43,O~O
Thioester,C-C(=O)[SD2]
Aziridine-like N in 3-membered ring,N~1~*~*1
Epoxides,O~1C~*1
Aryl iodide,I-c:*
Aryl bromide,Br-c:*
Multiple aromatic rings,a1aaa2a(a1)aaa(a2):a
Multiple aromatic rings,"[!#1]-,:1-:a2a(-:[!#1]:3:a1aaaa3)aaaa2"
S/PO3 groups,"[P,S](~O)(~O)~O"
Adamantyl,C12CC3CC(C1)CC(C2)C3
Too many cyano groups (>1),C#N.C#N
Too many COOH groups (>1),[CX3](=O)[OH1].[CX3](=O)[OH1]
Amino acid,[NH2][CX4]C(=O)O
Chlorates,Cl~O
High halogen content (>3),"[F,Cl,Br,I].[F,Cl,Br,I].[F,Cl,Br,I].[F,Cl,Br,I]"
Filter1_2_halo_ether,"[Cl,Br,I][CX4][CX4][$([O,S,N]*),Cl,Br,I]"
Filter2_acyl_phosphyl_sulfonyl_halide,"[C,S,P](=O)[F,Cl,Br,I]"
Filter3_allyl_halide,"[F,Cl,Br,I][CX4]C=C"
Filter4_alpha_halo_carbonyl,"[Br,Cl,I][C!H0]C=[O,S]"
Filter5_azo,"[!#7,#1]~[NX2R0]=[NX2R0]~[!#7,#1]"
Filter6_benzyl_halide,"[Br,Cl,I][CX4]c"
Filter7_diazo,[!#7]~[NX2]~[NX1]
Filter8_thio_isocyanat_diimin,"N=C=[N,O,P,S]"
Filter9_metal,"[!#1!#6!#7!#8!#9!#15!#16!#17]~[*,#1]"
Filter10_Terminal_vinyl,"[CH2]=[CH][N,O,P,S;R0]"
Filter11_nitrosamin,[NR0]~[NX2]~[OX1]
Filter12_nitroso,"[*,#1]~[NX2]~[OX1]"
Filter13_PS_double_bond,"S=P~[*,#1]"
Filter14_thio_oxopyrylium_salt,"c1ccc[s,o;X2]c1"
Filter15_thiosulfate,[SX4](~S)(~O)(~O)~*
Filter16_trialkyl_phosphin,[PX3]([#6])([#6])[#6]
Filter17_trialkyl_phosphin2,[PX4](~[!O!S])([#6])([#6])[#6]
Filter18_oxime_ester,"[!#7,#1]C=NO[C,S,P](=O)*"
Filter19_hydroxyimide_ester,O=C[NX3](C=O)OC(=O)*
Filter20_hydrazine,[Nv3X3][Nv3X3!H0]
Filter21_cyanhydrin,[NX1]#C[CX4][OH]
Filter22_sulfonium_salt,*[SX3](*)*
Filter23_ortho_quinone,C1(C=CC=CC1=O)=O
Filter24_react_imide,"*C([F,Cl,Br,I,$(OS(=O)(=O)*)])=[NX2]*"
Filter25_sulfonyl_halide,"*S(=O)(=O)[F,Cl,Br,I]"
Filter26_alkyl_halide,"AA[CH2][F,Cl,Br,I,$(OS(=O)(=O)*)]"
Filter27_anhydride,"*[C,S](=O)O[C,S](=O)*"
Filter28_halo_pyrimidine,"c1nc(ncc1)[Br,I]"
Filter29_thioester,"CC(=[OX1,SX1,NH])[SX2][*,#1]"
Filter30_beta_halo_carbonyl,"[#6,#1]C(=O)CC[Br,I]"
Filter31_SO_bond,"[*,#1][SX2R0]O[*,#1]"
Filter32_OO_bond,"[*,#1][OR0]O[*,#1]"
Filter33_C10_alkyl,[CH3][CH2][CH2][CH2][CH2][CH2][CH2][CH2][CH2][CH2]
Filter34_isotope,"[2#1,3#1,13C,14C,15N,125I,23F,22Na,32P,33P,35S,45Ca,57Co,103Ru,141Ce]"
Filter35_PP_bond,P-P
Filter36_SS_double_bond,S=S
Filter37_silicate,[Si]~O
Filter38_aldehyde,O=[CH]*
Filter39_imine,C[CR0]=[NR0][*!O]
Filter40_epoxide_aziridine,"C1C[N,S,O]1"
Filter41_12_dicarbonyl,*C(=O)C(=O)*
Filter42_12_dicarbonyl_tautomer,[*!$(C[OH])]=C([OH])C(=O)*
Filter43_michael_acceptor_sp1,C#CC=O
Filter44_michael_acceptor2,"[#6,#1,OH0][C!$(C1(=O)C=CC(=O)C=C1)](=O)C=[C!$(C[Nv3X3,OH])]"
Filter45_allyl_halide2,"[Br,Cl,I][CX4]C=[C,N,P]"
Filter46_nhalide,"N[F,Cl,Br,I]"
Filter47_SO2F,O=S(=O)(*)F
Filter48_FOSO,O=S(*)OF
Filter49_halogen,"[*,#1]~[F,Cl,Br,I]~[*,#1]"
Filter50_grignard,"C[Mg][F,Cl,Br,I]"
Filter51_PN3,N[PX3](N)N
Filter52_NC_haloamine,"NC[F,Cl,Br,I]"
Filter53_para_quinones,O=C1C=CC(=O)C=C1
Filter56_SS_bond,S-S
Filter57_polyphenol1,Oc1cc(O)cc(O)c1
Filter58_polyphenol2,Oc1c(O)cc(O)cc1
Filter59_phoshorous_ylide,C=P
Filter60_Acyclic_N-S,N!@[SX2]
Filter61_phosphor_halide_and_P_S_bond,"[#15]~[F,Cl,Br,I,#16]"
Filter62_oxo_thio_halide,"[O,S]~[Cl,Br,I]"
Filter63_polyaromatic,a1aaaa2ccc3ccccc3c12
Filter64_halo_ketone_sulfone,"[#6][C,S](=[O,S])C[F,Cl,Br,I]"
Filter65_alkyl_sulfonate,"[#6][P,S](~[OX1])(~[OX1])O[C!H0]"
Filter66_C4_perfluoralkyl,C(F)(F)C(F)(F)C(F)(F)C(F)(F)
Filter67_S_or_O_C_triplebond_N,"[O,S]C#N"
Filter68_anthracene_acridine,a1aaac2cc3ccccc3cc12
Filter69_thio_carbonate,"[O,S]C(=[O,S])[O,S]"
Filter70_AlkylCN2,*(C#N)C#N
Filter71_thio_anhydride,"*C(=[O,S])[O,S]C(=[O,S])*"
Filter72_hydrated_di_ketone,C(=O)C([OH])[OH]
Filter73_thio_ketone,CC(=S)C
Filter74_thiol,*[SX2H]
Filter75_alkyl_Br_I,"[C!H0][Br,I]"
Filter76_S_ester,CC(=S)O
Filter77_alkyl_NO2,"[*!#7]~[#6]-,=CN(~O)(~O)"
Filter78_bicyclic_Imide,*~@C1C(=O)NC(=O)C(~@*)1
Filter79_maleimide,[CH]1C(=O)NC(=O)[CH]=1
Filter80_Thioepoxide_aziridone,"[N,S]1[C,N,S][C,N,S]1"
Filter81_Thiocarbamate,"S!@C(=!@[O,S])!@[#7]"
Filter82_pyridinium,"[c,n]1[c,n][c,n][c,n][c,n]n(C)1"
Filter83_per_halo_chain,"[F,Cl,Br,I]C-,=;!@C([F,Cl,Br,I])-,=;!@C([F,Cl,Br,I])"
Filter84_nitrogen_mustard,"[N,P,Se,S][C!H0]C[Br,Cl,I]"
Filter85_keto_acrylonitrile,*C(=O)C(=!@[C!H0])C#N
Filter86_cyanamide,N#C[#7!$(N(C#N)=C(N)NC)]
Filter87_crowns,"[N,O,S]-@[#6!$(*(~@*)(~@*)~@*)]@[#6!$(*(~@*)(~@*)~@*)]-@[N,O,S]-@[#6!$(*(~@*)(~@*)~@*)]@[#6!$(*(~@*)(~@*)~@*)]-@[O,N]-@[#6!$(*(~@*)(~@*)~@*)]@[#6!$(*(~@*)(~@*)~@*)]-@[N,O,S]-@C"
Filter88_ene_sulfone,[C!H0]=CS(=O)(=O)*
Filter89_hydroxylamine,"[*!$(C=O)]!@N!@O[*,#1]"
Filter90_N_double_bond_S,N=!@S
Filter92_trityl,*(c1ccccc1)(c1ccccc1)(c1ccccc1)
Filter93_acetyl_urea,C(=O)!@N!@C(=O)[#7]
Filter94_2_halo_pyridine,"c1nc(ccc1)[Br,I,Cl,F]"
Anhydride,C(=O)OC(=O)
p-Nitrophenyl ester,C(=O)Oc1ccc([N+]([O-])=O)cc1
Any carbazide,O=*N=[N+]=[N-]
HOBT ester,C(=O)Onnn
Aromatic azide,cN=[N+]=[N-]
Imine2,"[#6,#8,#16]-[CH1]=[NH1]"
Sulfonyl cyanide,S(=O)(=O)C#N
Azocyanamide,[N;R0]=[N;R0]C#N
Cyanohydrin,N#CC[OH]
Acyl cyanide,N#CC(=O)
Acid halide,"[S,C](=[O,S])[F,Br,Cl,I]"
Chloramidine,[Cl]C([C&R0])=N
P/S halide,"[P,S][F,Cl,Br,I]"
Quaternary,"[C+,Cl+,I+,P+,S+]"
Unacceptable atoms,[!#6;!#7;!#8;!#16;!#1;!#3;!#9;!#11;!#12;!#15;!#17;!#19;!#20;!#30;!#35]
Triacyloxime,C(=O)N(C(=O))OC(=O)
b-Carbonyl quaternary nitrogen,"C(=O)CC[N+,n+]"
Benzylic quaternary nitrogen,cC[N+]
Phosphorane,C=P
Lawesson reagent derivatives,P(=S)(S)S
Cyanophosphonate,P(OCC)(OCC)(=O)C#N
Sulfonate,"COS(=O)(=O)[C,c]"
Heteroaryl sulfonate,"a-S(=O)(=O)-O[$([a&!#6]),$(c[a&!#6]),$(cc[a&!#6]),$(ccc[a&!#6]),$(cccc[a&!#6]),$(ccccc[a&!#6])]"
Sulfate ester,"COS(=O)O[C,c]"
Triflate,OS(=O)(=O)C(F)(F)F
Polyacidic,"[C,S,P](=O)[OH].[C,S,P](=O)[OH].[C,S,P](=O)[OH].[C,S,P](=O)[OH]"
Sulfonic acid,[OH]-S(=O)(=O)-*
Thiol,[SH]
Benzhydrol,[OH1]-C(-c1ccccc1)c2ccccc2
Dihydroxybenzene,[OH1]c1ccc([OH1])cc1
"2,3,4-Trihydroxyphenyl",c([OH])c([OH])c([OH])
"2,4,5-Trihydroxyphenyl",c([OH])c([OH])cc([OH])
Allene,*=C=*
Azide,"[$(*-[NX2-]-[NX2+]#[NX1]),$(*-[NX2]=[NX2+]=[NX1-]),$(N=N=N)]"
Azoalkanal,[N;R0]=[N;R0]CC=O
Hydrazothiourea,N=NC(=S)N
Azo,N=N
Aldehyde,[#6]-[CH1]=O
Hemiacetal,[#6]-O[CH1](-[#6])[OH1]
Acetal,[#6]-O[CH1](-[#6])O-[#6]
Ketone,[#6]-C(=O)-[#6]
Ester,[#6]-C(=O)O-[#6]
Imine 1,"[#6,#8,#16]-C(=[NH1])[#6,#8,#16]"
Imine 3,C=[NH]
Thioketone,CC(=S)C
Thioester,"C[O,S;R0][C;R0](=S)"
Thionoester,COC(=S)C
Thioamide,CC(=S)N
Thiourea,NC(=S)N
Nitroso,[N&D2](=O)
Long chain hydrocarbon,[CD2;R0][CD2;R0][CD2;R0][CD2;R0][CD2;R0][CD2;R0]
Long aliphatic chain,"[N,C,S,O]-&!@[N,C,S,O]-&!@[N,C,S,O]-&!@[N,C,S,O]-&!@[N,C,S,O]-&!@[N,C,S,O]-&!@[N,C,S,O]"
Unbranched chain,"[$([A&D2]),$([A&D1])]!@[A&D2]!@[A&D2]!@[A&D2]!@[A&D2]!@[$([A&D2]),$([A&D1])]"
Polyene,C=CC=CC=CC=C
Dye 25,acC=&!@Cca
Isonitrile,[N+]#[C-]
Thiocyanate,SC#N
Cyanamide,N[CH2]C#N
Dye 16 (1),"c[$([NX3](=O)=O),$([NX3+](=O)[O-])]"
Nitro aromatic 2+,"a-[$([NX3](=O)=O),$([NX3+](=O)[O-])].a-[$([NX3](=O)=O),$([NX3+](=O)[O-])]"
Dye 29,"[$([NX3](=O)=O),$([NX3+](=O)[O-])]-caac-[$(N(C)C),$([NH]C),$([NH2])]"
Dye 1 (1),"c1cccc(C(=O)[C,c]([#7])=,:[C,c]([#7])C2(=O))c12"
Dye 7,"N=C1[#6]:,=[#6]C(=[C,N])[#6]:,=[#6]1"
Dye 11,"*=,:[#6]C([#6]=,:*)[#6]=,:*"
Dye 9,ac-*=&!@*-&!@C(=O)-&!@ca
Dye 32,"c1cccc2C(=O)C(C:,=*)C(=O)c12"
Dye 6,c12cccc(C(=O)C(ca)C(=O)3)c2c3ccc1
Dye 22,NS(=O)(=O)c1cccc([#7])c1
Dye 2,OCccCO
Dye 26,c1ccccc1-n2nnnc2[CH2]*
Alkyl halide,"[Br,Cl,I][CX4,CH,CH2,CH3]"
Perhalo_ketone,"O=CC(-[F,Cl,Br,I])([F,Cl,Br,I])-[F,Cl,Br,I]"
Beta halo carbonyl,"O=CCC[F,Cl,Br,I]"
4-Halopyridine,"[F,Cl,Br][c]1:[c,n]:[c,n]:[n]:[c,n]:[c,n]1"
2-Halopyridine,"[F,Cl,Br][c]1:[c,n]:[c,n]:[c,n]:[c,n]:[n]1"
Hetero_hetero,"*[N,S,O]-&!@[N,S,O][#6]"
Peroxide,OO
Disulfide,SS
Hydrazine,[#6]-[NH]-[NH]-[#6]
Acyl hydrazine,[N;R0][N;R0]C(=O)
Vinyl michael acceptor1,"[#6]-[CH1]=C-C(=O)[#6,#7,#8]"
Vinyl michael acceptor2,"[CH2]=C-C(=O)[#6,#7,#8]"
Michael acceptor 5,N#CC(=C)C#N
Michael acceptor 6,"[#6,#7]-&!@[#6](=&!@[CH])-&!@C(=O)-&!@[C,N,O,S]"
Alkynyl michael acceptor1,"[#6]-C#CC(=O)[#6,#7,#8]"
Alkynyl michael acceptor2,"[CH1]#CC(=O)-[#6,#7,#8]"
Nitroalkane,"C[$([NX3](=O)=O),$([NX3+](=O)[O-])]"
Crown ether,[O;R1][C;R1][C;R1][O;R1][C;R1][C;R1][O;R1]
Nitrate,"[#6]-O-[$([NX3](=O)=O),$([NX3+](=O)[O-])]"
Oxalyl,O=C-&!@C=O
Dipeptide,*-C(=O)-&!@[NH]-C-&!@C(=O)-&!@[NH]-*
Quaternary nitroxy,C[N+](-[O-])(C)C
Triphenylphosphine,a-P(-a)-a
Phosphoric acid,[OH]-P(=O)(-O)-*
Phosphoric ester,COP(=O)(-*)O
Di/triphosphate,P(=O)([OH])OP(=O)[OH]
Tri phosphoric esters,[#6]OP(=O)(*)O[#6].[#6]OP(=O)(*)O[#6].[#6]OP(=O)(*)O[#6]
Phosphoramide,NP(=O)(N)N
Phenalene,c1(c)c2c(c)cccc2ccc1
Poly(azo(anthracene)),"c12:[c,n]:[c,n]:[c,n]:[c,n]:c1[c,n]c3:[c,n]:[c,n]:[c,n]:[c,n]:c3[c,n]2"
Poly(azo(phenanthrene)),"c12:[c,n]:[c,n]:[c,n]:[c,n]:c1:[c,n]:[c,n]:c3:[c,n]:[c,n]:[c,n]:[c,n]:c23"
Dye 31,a1aaac2ac3acac4aaac(c34)c12
Dye 4,c12ccccc1C(=O)c3ccccc3C2=O
Dye 8,c12cccc(C(=O)N(-&!@C)C(=O)3)c2c3ccc1
"Epoxide, aziridine, thioepoxide","C1[O,S,N]C1"
Propiolactone,C1(=O)OCC1
b-Lactam,N1CCC1=O
Cycloheximide,O=C1CCCC(N1)=O
Aromatic sulfonic ester,"[#6,#7]-S(=O)(=O)Oc"
Quinone,"[$([o,n]=c1ccc(=[o,n])cc1),$([O,N]=C1C=CC(=[O,N])C=C1),$([O,N]=C1[#6]:,=[#6]C(=[O,N])[#6]:,=[#6]1)]"
Saponin,O1CCCCC1OC2CCC3CCCCC3C2
Monensin,O1CCCCC1C2CCCO2
Squalestatin,C12OCCC(O1)CC2
Cyanidin,[OH]c1cc([OH])cc2=[O+]C(=C([OH])Cc21)c3cc([OH])c([OH])cc3
Cytochalasin,O=C1NCC2CCCCC21
"2,2-Dimethyl_4,5-dicarboxy_dithiole",C1(C)(C)SC(C(=O)O)=C(C(=O)O)S1
"2,3,4_trihydroxyphenyl",c([OH])c([OH])c([OH])
"2,3,5_trihydroxyphenyl",c([OH])c([OH])cc([OH])
Acid_anhydrides,C(=O)OC(=O)
Acid_halides,"[S,C](=[O,S])[F,Br,Cl,I]"
Acridine,c1c2cc4ccccc4nc2ccc1
Active_phosphate,"P(=S)([OH1,O$(O[#6])])([OH1,O$(O[#6])])[S,O]"
Acyl_cyanide,C(=O)-C#N
Adjacent_ring_double_bonds,[*;R]=[*;R]=[*;R]
Aldehyde,[#6][C!H0]=O
Aliphatic_triflate,COS(=O)(=O)C(F)(F)F
Alkyl_halides,"[Br,Cl,I][CX4;CH,CH2]"
Alkylenamine,"[C;H1$(C([#6;!$(C=O)])),H0$(C([#6;!$(C=O)])[#6;!$(C=O)])]=[CH1]!@N([#6;!$(C(=O))])[#6;!$(C(=O))]"
Allene,*=C=*
Alpha_halo_carbonyl,"[C;!$(C[N])](=O)!@[C;h1,h2;H1,H2][F,Cl,Br,I]"
Amidotetrazole,c1nnnn1C=O
Amino_naphtalimide,c1(N)ccc(C(=O)NC3(=O))c(c3ccc2)c21
Aminonitrile,NC#N
Anhydride,[#6]C(=O)OC(=O)[#6]
Any_carbazide,O=*N=[N+]=[N-]
Aromatic_azides,"c[$([NX2-]-[NX2+]#[NX1]),$([NX2]=[NX2+]=[NX1-]),$(N=N=N)]"
Azanitrone,N=[N+]([O-])C
Azoalkanals,[N;R0]=[N;R0]CC=O
Azobenzene,c1ccccc1[N!r]=[N!r]c2ccccc2
Azocyanamide,[N;R0]=[N;R0]C#N
B-carbonyl_quaternary_nitrogen,"C(=O)CC[N+,n+]"
Benzylic_quaternary_nitrogen,"cC[N+,NX4]"
Beta-carbonyl_quaternary_nitrogen,"C(=O)C[N+,n+,NX4,nX4]"
Beta-fluoro-ethyl-on,"[C;H2$(CF),H1$(C(F)F)]!@[CH2][N,O]"
Biotin_analogue,C12C(NC(N1)=O)CSC2
Carbazides,"C(=O)[$([NX2-]-[NX2+]#[NX1]),$([NX2]=[NX2+]=[NX1-]),$(N=N=N)]"
Carbodiimides,N=C=N
CCl3-CHO_releasing,"C(Cl)(Cl)(Cl)C([O,S])[NX3]"
Chloramidine,[Cl]C([C&R0])=N
Conjugated_dithioether,SC(=[!r])S
Crown_ether_12cro4,O1CCOCCOCCOCC1
Crown_ether_15cro5,O1CCOCCOCCOCCOCC1
Crown_ether_16cro6,O1CCOCCOCCOCCOCCOCC1
Crown_ethers,[O;R1][C;R1][C;R1][O;R1][C;R1][C;R1][O;R1]
Cyanamide,N[CH2]C#N
Cyanophosphonate,P(OCC)(OCC)(=O)C#N
Cyanohydrin,N#CC[OH1]
Di_and_triphosphates,P(=O)([OH])OP(=O)[OH]
Diacetylene,C#CC#C
Diazoalkane,C=[N+]=[N-]
Diazonium_salt,[N+]#N
Diene,C!@=[CH1]-C!@=[CH1]-[CX3](=O)
Dinitrobenzene_1,"c1c([$([NX3](=O)=O),$([NX3+](=O)[O-])])c([$([NX3](=O)=O),$([NX3+](=O)[O-])])ccc1"
Dinitrobenzene_2,"c1c([$([NX3](=O)=O),$([NX3+](=O)[O-])])ccc([$([NX3](=O)=O),$([NX3+](=O)[O-])])c1"
Dinitrobenzene_3,"c1c([$([NX3](=O)=O),$([NX3+](=O)[O-])])cc([$([NX3](=O)=O),$([NX3+](=O)[O-])])cc1"
Disulfides,[SX2][SX2]
Dithiocarbamate,NC(=S)S
Dithiole-2-thione,S1SC=CC1=S
Dithiole-3-thione,S1C=CSC1=C
Dithiomethylene_acetal,S[C;!$(C=*)]S
Enyne,C=!@CC#C
"Epoxides,_thioepoxides,_aziridines","C1[O,S,N]C1"
Ester_of_HOBT,C(=O)Onnn
Flavin,"c1cccc(NC(=NC(=[N,S,O])NC(=O)3)C3=N2)c12"
Fluorescein,c1cc(O)cc(OC(=CC(=O)C=C3)C3=C2)c12
Fluorinated_carbon_1,C(C(CF)F)F
Fluorinated_carbon_2,C(C(F)F)(F)F
Four_member_lactones,C1(=O)OCC1
Geminal_amines,[NH1;!r][CX4][NH1;!r]
Geminal_dinitriles,N#CCC#N
"Halo-pyridine, -diazoles and -triazoles","[Cl,Br,I]c1[c,n][c,n][c,n][c,n]n1"
Hydrazothiourea,N=NC(S)N
Imidazolium,c1[n+]([#6])ccn1([#6])
Imine2,"[#6,#8,#16]-[CH1]=[NH1]"
Imines_(not_ring),"[#6][CR0](=[NR0,OR0])[#6]"
Isocyanates_and_isothiocyanates,"N=C=[S,O]"
Isonitrile,[N+]#[C-]
Ketene,C=C=O
Lawesson_reagent_derivatives,P(=S)(S)S
"Methylidene-1,3-dithiole",S1C=CSC1=S
Michael_phenyl_ketone,c1ccccc1C(=O)C=!@CC(=O)!@*
N-halo,"[NX3,NX4][F,Cl,Br,I]"
Nitrobenz-azadiazole_1,"c1ccc(n[o,s]n2)c2c1[$([NX3](=O)=O),$([NX3+](=O)[O-])]"
Nitrobenz-azadiazole_2,"c1c([$([NX3](=O)=O),$([NX3+](=O)[O-])])cc(n[o,s]n2)c2c1"
Nitrosamine,N-[N;X2](=O)
Nitroso,[N&D2](=O)
Noname,"N1=C[S,NH1]C(=[C,N,P][C,N,O,P])C1(=O)"
N-oxide_aliphatic,[N+!$(N=O)][O-X1]
N-S (not sulfonamides),[#6][S!$(S(~[OD1])~[OD1])][N;H0]
Orthoester,C(O)(O)[OH]
O-tertbutylphenol,c1c([OH1])c(C(C)(C)C)ccc1
Oxobenzothiepine,C1(=O)C=CCSC=C1
P_or_S_halides,"[P,S][Cl,Br,F,I]"
P-aminoaryl_diazo,Nc1aaa(N!@=N)aa1
PCP,PCP
Paranitrophenyl_esters,"C(=O)Oc1ccc([$([NX3](=O)=O),$([NX3+](=O)[O-])])cc1"
Pentahalophenyl,"c1c([F,Cl])c([F,Cl])c([F,Cl])c([F,Cl])c1([F,Cl])"
Pentafluorophenyl_esters,C(=O)Oc1c(F)c(F)c(F)c(F)c1(F)
Peroxide,[#8]~[#8]
Phenanthrene,c12cccc3c1c4c(cc3)cccc4cc2
Phenylester,C(=O)!@Oc1ccccc1
Phosphonate_esters,[#6]P(=O)(~O)O[#6]
Phosphoramides,NP(=O)(N)N
Phosphorane,C=P
Phosphorus_halide,"[S,P][F,Cl,Br,I]"
Polyene,C=!@CC=!@C
Polyenes,C=CC=CC=CC=C
Polyene_chain_between_aromatics,cC=CC=CC=Cc
Polyines,CC#CC#CC
Polynuclear_aromatic_1,c1cccc(cc(cccc2)c2c3)c13
Polynuclear_aromatic_2,c1cccc(c(cccc2)c2cc3)c13
Polysulfide,*[SX2][SX2][SX2]*
Sulphur_halide,"[#16][F,Cl,Br,I]"
Pyrene_fragments,c1c2cccc3c2c4c(cc3)cccc4c1
Pyrylium,c1ccc[o+]c1
Reactive_carbonyls,"[C;!r](=[O,S])[S;!r]"
Reactive_carbonyls,"[C;!r](=[O,S])[CD2;!r][F,Br,Cl]"
Ring_triple_bond,"[C,c;R]#[C,c;R]"
S=N (not_ring),[S;R0]=[N;R0]
Sulfonate_ester,O=[SX4](=O)OC
Sulfonyl_cyanide,S(=O)(=O)C#N
Sulphate_ester,"COS(=O)O[C,c]"
Sulphonates,"COS(=O)(=O)[C,c]"
Sulphur_nitrogen_single_bond,[SX2H0]!@[N]
Tetraazinane,C1NNC=NN1
Thiocyanate,SC#N
Thioesters,"C[O,S;R0][C;R0](=S)"
Thioles_(not_aromatic),[!a][SX2;H1]
Thiophosphothionate,"P(=S)(-[S;H1,H0$(S(P)C)])(-[O;H1,H0$(O(P)C)])(-N(C)C)"
Thiourea,[N;!r][C;!r](=S)[N;!r]
Three_membered_heterocycle,"*1[O,S]*1"
Tri_pentavalent_S,"[#16v3,#16v5]"
Triacyloxime,C(=O)N(C(=O))OC(=O)
Triazole,c1cnnn1!@C!@[NH1][#6]
Triflate,OS(=O)(=O)(C(F)(F)(F))
Triphenyl_boranyl,B(c1ccccc1)(c2ccccc2)c3ccccc3
Triphenylphosphines,P(c1aaaaa1)(c1aaaaa1)(c1aaaaa1)
Triphenyl_silyl,[Si](c1ccccc1)(c2ccccc2)(c3ccccc3)
Vinyl_halide,"[Cl,Br,I]C=[!O!R]"
Vinyl_sulphone,"[#6][CH1]!@=[CH1][S;H1,H0$(S(C)C)](=O)(=O)"
Sulphates,[#6]S(=O)(=O)O
Tropone,C1C(=O)C=CC=CC=1
Oxime,"[#6]C(=!@N[$(OC),$([OH])])[#6]"
Hydrazone,[#6]C(=!@NNa)[#6]
Nitrosone_not_nitro,[$(N(~!@[#6])!@O);!$([N+]([O-])=O)]
Thiocarbonyl_group,C=S
Enamine_like,C=[NH]
Analine,"c1ccccc1[NH2,NH3+]"
Acid_anhydrides_2,"[#6]C(=O)!@OC(=!@[N,O])[#6]"
Trifluroacetate_amide,FC(F)(F)C(=O)N
Triple_bond,[#6]C#[CH]
Allene,C=C=C
Thiatetrazolidine,"[$(Sc1nnn[nH,n-]1),$(Sc1nn[nH,n-]n1)]"
Glycol,"[#6][O;R0][$(C([#6])[#6]),$([CH][#6]),$([CH2])][O;R0][#6]"
Oxy-amide,[#6]C(=O)!@C!@C(=O)N
Formate_formide,"O=[CH][O,N][#6]"
Pyranone,O=C1C=COC=C1
Coumarin,c1cc2C=CC(=O)Oc2cc1
Aminothiazole,s1ccnc1[N!H0]
Thiazolidinone,O=C1CSCN1
Thiomorpholinedione,N1C(=O)CSCC1=O
Oxepine,O1C=CC=CC=C1
Phenylethene,c1ccccc1!@[CH]=!@[C!H0]
Ethene,C=[CH2]
Cyclobutene,C1CC=C1
Poly_sub_atomatic,*!@c1c(!@*)c(!@*)c(!@*)c(!@*)c1
Isotopes,"[2#1,3#1,11C,11c,14C,14c,125I,32P,33P,35S]"
Undesirable_elements_salts,"[Ac,Ag,Am,Ar,As,At,Au,Ba,Be,Bi,Bk,Cd,Ce,Cf,Cm,Cr,Cs,Dy,Er,Eu,Fr,Ga,Gd,Ge,He,Hf,Ho,In,Ir,Kr,La,Lu,Mo,Nb,Nd,Ne,Ni,Np,Os,Pa,Pb,Pd,Pm,Po,Pr,Pt,Pu,Ra,Rb,Re,Rh,Rn,Ru,Sb,Sc,Se,Sm,Sr,Ta,Tb,Tc,Te,Th,Ti,Tl,Tm,U,V,W,Xe,Y,Yb,Zr]"
Metal_carbon_bond,"[#6;$([#6]~[#3,#11,#12,#13,#19,#20,#26,#27,#28,#29,#30])]"
Aromatic_N-oxide_more_than_one,[n+][O-X1].[n+][O-X1]
Nitro_more_than_one,[N+](=O)[O-].[N+](=O)[O-]
Sulphur atom (1),[SX2H1]
Sulphur atom (2),"[$([SX2H0]);!$([S][#6X3,#7X2]);!$([S][CX4H0])]"
Sulphur atom (3),"[$([SX2H0][#6X3,#7X2]);!$([S](~[#6X3,#7X2])[#6X3,#7X2]);!$([S][CX4H0])]"
Sulphur atom (4),[$([S][*D4H0]);$([SX2H0])]
Sulphur atom (5),"[$([SX2H0]([#6X3,#7X2])[#6X3,#7X2]);!$([S][CX4H0])]"
Sulphur atom (6),[sX2r5]
Sulphur atom (7),[$([#16X3](=[OX1]));$([#16]);!$([#16X3](=[OX1])[#6X3](~[#7X2]))]
Sulphur atom (8),[$([#16X3](=[OX1]));$([#16]);$([#16X3](=[OX1])[#6X3](~[#7X2]))]
Aldehyde carbon atoms,[$([CX3H1](=O)[#6])]
Phosphor with double bonded sulphur,[$([PX4]);$([P]=[S])]
sp3 hybridized carbon atoms (1),[$([CX4]([#6X3])([#6X3])[#6X3]);!$([CH0])]
sp3 hybridized carbon atoms (2),"[$([CX4][N]);!$([CH0]);!$([C][N]([#6X3,#7X2])[#6X3,#7X2]);!$([C][N]=[#6X3]);!$([CX4][NX3][C]=[O])]"
sp3 hybridized carbon atoms (3),"[!$([CH0]);$([CX4]([#6X3])[#6X3]),$([CX4][#7]=[#6X3]),$([CX4]([#8])[#8]);!$([CX4]([#8])[#8][C]=[O])]"
sp3 hybridized carbon atoms (4),[$([CX4][S]);!$([CH0]);!$([C][S]=[O])]
sp3 hybridized carbon atoms (5),"[$([CX4][#6X3]~[#8]),$([CX4][#6X3](~[#7])~[#7]),$([CX4][#6X2]),$([CX4][CX3]=[CX3]-[#6X3]);!$([CH0]);!$([CX4][C](=[O])[NX3]);!$([CX4][#6X3](=[#8])-[#8]);!$([CX4][CX3]([CX3])=[CX3]-[#6X3])]"
sp3 hybridized carbon atoms (6),[$([CX4][O]);!$([CH0]);!$([C][O][C]=[O]);!$([CX4]1[O][C]1)]
sp3 hybridized carbon atoms (7),[$([CX4][#6X3]);!$([CH0]);!$([CX4][C](=[O])[NX3])]
sp3 hybridized carbon atoms (8),"[$([CX4][#7](~[#6X3,#7X2])~[#6X3,#7X2]);!$([CH0])]"
sp3 hybridized carbon atoms (9),[$([CX4][S](=[O])=[O]);!$([CH0])]
sp3 hybridized carbon atoms (10),"[CX4;CH1,CH2;!$([CX4][NX3H1][C]=[O])]"
sp3 hybridized carbon atoms (11),[CX4H3;!$([CX4][NX3H1][C]=[O])]
sp3 hybridized carbon atoms (12),[$([CX4][NX3H1][C]=[O]);!$([CH0])]
sp2 hybridized carbon atoms (1),"[$([CX3H2]);$([C]=[#6X3,#7X2]-[#6X3,#7X2])]"
sp2 hybridized carbon atoms (2),"[$([CX3H1]);$([C]=[#6X3,#7X2]-[#6X3,#7X2]);!$([C](-[#6X3,#7X2])=[#6X3,#7X2]-[#6X3,#7X2])]"
sp2 hybridized carbon atoms (3),[$([cH1]);$([c](:[#7]):[#7])]
sp2 hybridized carbon atoms (4),"[$([ch1]);!$([ch1]1:[c](-[NX3]-[#6X3,#7X2]):[c]:[c]:[c]:[c]1);!$([c]1:[c]:[c]:[c](-[NX3]-[#6X3,#7X2]):[c]:[c]1);$([ch1]1:[c](-[NX3]):[c]:[c]:[c]:[c]1),$([c]1:[c]:[c]:[c](-[NX3]):[c]:[c]1)]"
sp2 hybridized carbon atoms (5),"[$([CX3]);$([CX3]=[CX3]);!$([CH0]);!$([CX3](-[#6X3,#7X2])=[CX3]);!$([CX3]=[CX3]-[#6X3,#7X2])]"
sp2 hybridized carbon atoms (6),[$([cH1]);$([c]:[#16])]
sp2 hybridized carbon atoms (7),"[$([ch1]);$([c]1:[c]:[c]:[c](~[#7X2H0]~[cX3,CX3]):[c]:[c]1),$([c]1:[c]:[c]:[c](~[#7X3H1]~[cX3,CX3]):[c]:[c]1);!$([c]1:[c]:[c]:[c](-[NH]-[C]=[O]):[c]:[c]1)]"
sp2 hybridized carbon atoms (8),"[$([ch1]);!$([c]1:[c]:[c]:[c](-[O]-[C]=[O]):[c]:[c]1);$([c]1:[c]:[c]:[c](-[NH]-[C]=[O]):[c]:[c]1),$([c]1:[c]:[c]:[c](-[O,SX2]):[c]:[c]1)]"
sp2 hybridized carbon atoms (9),[$([cH1]);$([c]1:[c]:[#16]:[c]:[c]1)]
sp2 hybridized carbon atoms (10),"[$([ch1]);$([ch1]1:[c](~[#7X2H0]~[cX3,CX3]):[c]:[c]:[c]:[c]1),$([ch1]1:[c](~[#7X3H1]~[cX3,CX3]):[c]:[c]:[c]:[c]1),$([ch1]:[c]-[O,SX2]);!$([ch1]:[c]-[O]-[C]=[O])]"
sp2 hybridized carbon atoms (11),"[$([CX3H1,cX3H1]);!$([ch1]1:[c]:[c]:[#7]:[c]:[c]1);!$([ch1]1:[c]:[#7]:[c]:[c]:[c]1);!$([ch1]1:[c]:[#7]:[c]:[c]1);!$([ch1]:[#7])]"
sp2 hybridized carbon atoms (12),"[$([ch1]1:[c]:[c]:[#7]:[c]:[c]1),$([ch1]1:[c]:[#7]:[c]:[c]:[c]1),$([ch1]1:[c]:[#7]:[c]:[c]1),$([ch1]:[#7])]"
Nitrogen atoms (1),"[$([NX3H0]);!$([NX3][#6X3,#7X2])]"
Nitrogen atoms (2),"[$([NX3]);$([H1,H2])]"
Nitrogen atoms (3),[$([N]([#6X3]1)[#6X3]=[#6X3][#6X4][#6X3]=1)]
Nitrogen atoms (4),"[$([NX3H0]);$([NX3][#6X3,#7X2]);!$([NX3]([#6X3,#7X2])[#6X3,#7X2])]"
Nitrogen atoms (5),"[$([nr6]),$([NX2]=[C])]"
Nitrogen atoms (6),"[$([N]);$([NX3H0]([#6X3,#7X2])[#6X3,#7X2]),$([NX2H1][C]=[O])]"
Nitrogen atoms (7),[nr5H0]
SA01,[#6]-1-[#6]-[#6]-[#6]-4-[#6](-[#6]-1)-[#6]-2-[#6](-[#6]-3-[#6](-[#6]-[#6]-2)-[#6]-[#6]-[#6]-3)-[#6]-[#6]-4
SA03,c1cc-2c(cc1)-[#6]-[#6]-[#6](-[#6]-2-[#6])-[#6]
SA04,c1cc(ccc1)-[#6]=[#6]-c2ccc(cc2)-[#8]-[#1]
SA05,c1cc(ccc1)-[#6]-[#6]-c2ccc(cc2)-[#8]-[#1]
SA07,c1cc(ccc1)-[#6](=[#6]-c2ccccc2)-c3ccccc3
SA11,[#6]-2(=[#6]-c1ccccc1-[#8]-[#6]-2=[#8])-c3ccccc3
SA12b,[#8]=[#6](-c1ccccc1)-[#6]=[#6]-c2ccccc2
SA15c,c1cc(ccc1-[#8]-[#1])-[#6](-c2ccccc2)=[#8]
SA16,c1cc(ccc1)-[#6](-c2ccccc2)=[#6](-[Cl])-[Cl]
SA17,c1cc(ccc1)-[#6](-c2ccccc2)-[#6]
SA18,c1c(cccc1)-c2ccccc2
SA19,c1c(cccc1)-c2ccccc2-[Cl]
SA20c,c1c(cccc1)-c2ccc(cc2)-[#8]-[#1]
SA21,c1cc-3c(cc1)-[#8]-c2ccccc2-[#8]-3
SA23,c1cc(c(cc1)-[#6](=[#8])-[#8]-[#6])-[#6](-[#8]-[#6])=[#8]
SA24,c1c(ccc(c1)-[#8]-[#1])-[#6](-[#8]-[#6])=[#8]
SA25c,[#8](-[#6])-c1ccc(cc1)-[#8]-[#1]
SA30a,c1cc(ccc1-[Cl])-[#8]-c2ccc(cc2-[Cl])-[Cl]
SA30b,c1cc(ccc1-[#7](=[#8])=[#8])-[#8]-c2ccc(cc2-[Cl])-[Cl]
SA31c,c1cc(ccc1-[#8]-[#1])-[#6]-[#7]-3-[#6](-c2ccccc2-[#6]-3=[#8])=[#8]
SA32a,c1cc(ccc1)-[#8]-[P](=[#8])(-[#8]-[#6])-[#8]-[#6]
SA32b,c1cc(ccc1)-[#8]-[P](=[#16])(-[#8]-[#6])-[#8]-[#6]
SA34a,[#8](-[#1])-c1ccc(cc1)-[#6]-[#6]
SA34d,[#8](-[#1])-c1ccc(cc1)-[#6](-[#6])(-[#6])-[#6]
SA35,c12ccc3c(c1cccc2)cccc3
SA37,c1c(cccc1)-[#7]-2-[#6](=[#8])-[#6]-[#6]-[#6]-2=[#8]
SA38,[#6]-1-[#6]-[#6]-[#6]-[#6]-[#6]-[#6]-[#6]-[#6]-[#6]-[#6]-[#6]-1
SA39,[#6]-[#6]-[#6]-[#6]-[#6]-c1cccc(c1)-[#8]-[#6]
SA40,[#6]-[#6]-[#6]-[#6]-[#6]-c1ccc(cc1)-[#8]-[#6]
SA41,c1c(cccc1-[#6](-[F])(-[F])-[F])-[#7](-[#6](=[#8])-[#1])-[#1]
SA43,c1c(cccc1)-[#6]-[#8]-c2ccccc2
SA46,[#6]-1-2-[#6]=[#6]-[#6](-[#6]-1)-[#6]-[#6]-2
SA47,[#6]-1-2-[#6]-[#6]-[#6](-[#6]-1)-[#6]-[#6]-2
SA48,c1(c(cccc1)-[#8]-c2ccccc2)-[Br]
SA49,c1-2c(cccc1)-[#6]-[#6]-[#6]-2
4-chlorobenzene,Clc1ccc([*:1])cc1
4-nitrobenzene,[O-][N+](=O)c1cc([*:1])c([*:1])cc1
Disconnected structures with >3 atoms,([*][*][*]).([*][*][*])
Positively charged atoms,[+]
Negatively charged atoms,[-]
